AB,Type,Site,Impurity,,Transition Levels ->,(+3/+2),(+2/+1),(+1/0),(0/-1),(-1/-2),(-2/-3),,Formation Energies ->,Delta_H (A_rich),Delta_H (B_rich)
ZnO,II-VI,M_A,Hg,,,-1.38,-0.82,-0.21,1.82,2.84,3.97,,,3.3,1.35
ZnO,II-VI,M_A,Re,,,0.07,1.04,1.74,2.61,3.45,3.76,,,5.36,10.75
ZnO,II-VI,M_A,Sb,,,-0.69,-0.11,1.61,2.43,3.49,4.24,,,2.7,5.59
ZnO,II-VI,M_A,Fe,,,-1.25,-1.24,1.05,2.06,2.98,4,,,-0.81,0.55
ZnO,II-VI,M_A,La,,,-1.28,-0.74,1.44,2.43,3.59,4.26,,,2.23,3.86
ZnO,II-VI,M_B,I,,,-1.09,-0.51,1.65,2.63,3.77,4.41,,,2.05,7.1
ZnO,II-VI,M_B,Ge,,,-0.44,0.17,1.24,1.97,2.58,3.53,,,3.42,12.98
ZnO,II-VI,M_B,Mo,,,-0.09,1.05,1.97,2.74,3.46,4.1,,,8.09,19.26
ZnO,II-VI,M_B,V,,,-2.65,0.87,1.74,2.59,3.31,4.08,,,4.42,14.29
ZnO,II-VI,M_B,Cr,,,-0.29,0.89,1.86,2.64,3.49,4.1,,,2.67,11.11
ZnO,II-VI,M_i_A,Rb,,,-1,-0.43,1.67,2.63,3.75,4.37,,,7.1,9.91
ZnO,II-VI,M_i_A,In,,,0.22,1.08,2.31,2.96,3.68,4.31,,,5.9,10.78
ZnO,II-VI,M_i_A,Cl,,,-1.07,-0.47,0.26,0.97,2.81,3.84,,,7.9,7.62
ZnO,II-VI,M_i_A,O,,,-1.33,-0.75,-0.02,0.83,1.75,3.18,,,6.46,3.2
ZnO,II-VI,M_i_A,Cu,,,-1.25,-0.37,1.38,2.33,3.51,4.17,,,3.01,4.88
ZnO,II-VI,M_i_B,Os,,,0.5,0.5,1.95,2.31,3.46,4.19,,,9.26,17.03
ZnO,II-VI,M_i_B,Ga,,,0.16,1.07,2.23,2.81,3.69,4.46,,,4.56,9.45
ZnO,II-VI,M_i_B,W,,,1.56,1.7,2.43,2.93,2.93,2.94,,,8.69,17.45
ZnO,II-VI,M_i_B,Be,,,-1.39,0.7,1.68,2.83,3.5,4.14,,,2.78,6.03
ZnO,II-VI,M_i_B,Ag,,,-1.15,-0.56,1.37,2.36,3.55,4.23,,,4.99,5.83
ZnO,II-VI,M_i_neut,F,,,-1.46,-0.04,-0.04,0.46,2.55,3.54,,,5.3,3.67
ZnO,II-VI,M_i_neut,Hf,,,0.58,1.75,2.45,3.05,3.75,4.25,,,8.51,15.03
ZnO,II-VI,M_i_neut,Na,,,-1.31,-0.73,1.38,2.37,3.54,4.18,,,5.01,7.19
ZnO,II-VI,M_i_neut,Nb,,,0.49,2.01,2.09,2.78,3.67,4.26,,,7.94,16.08
ZnO,II-VI,M_i_neut,Tc,,,-0.07,1.07,2.11,2.12,3.15,3.15,,,7.39,13.11
ZnS,II-VI,M_A,P,,,-0.16,-0.15,1.3,2.09,3.53,4.02,,,4.74,4.5
ZnS,II-VI,M_A,Ba,,,-0.94,-0.49,-0.02,3.2,3.93,4.63,,,2.81,4.21
ZnS,II-VI,M_A,Cd,,,-1.25,-0.77,-0.23,3,3.74,4.45,,,0.87,1.18
ZnS,II-VI,M_A,Bi,,,-1.09,-0.58,2.34,2.66,3.23,4.12,,,4.01,4.11
ZnS,II-VI,M_A,Sn,,,-1.13,0.6,1.16,3.15,3.87,4.54,,,2.61,3.07
ZnS,II-VI,M_B,Sr,,,1.09,2.07,2.66,3.2,3.72,5.53,,,8.39,13.51
ZnS,II-VI,M_B,N,,,-1.45,-0.93,-0.44,0.11,3.22,3.94,,,-3.76,-0.87
ZnS,II-VI,M_B,Co,,,-1.16,-0.77,1.96,2.54,3.17,3.74,,,3.83,8.02
ZnS,II-VI,M_B,Si,,,-0.92,-0.43,0.59,1.14,1.96,3.96,,,2.52,7.89
ZnS,II-VI,M_B,Ca,,,0.63,1.79,2.42,2.94,3.6,4.36,,,7.84,11.85
ZnS,II-VI,M_i_A,Y,,,1.33,1.92,2.61,3.23,3.76,4.5,,,6.98,9.99
ZnS,II-VI,M_i_A,Ta,,,0.25,1.37,2.55,2.98,3.56,4.27,,,6.49,11.24
ZnS,II-VI,M_i_A,Zn,,,-1.06,1.13,1.7,3.19,3.8,4.47,,,3.27,5.42
ZnS,II-VI,M_i_A,Sc,,,0.85,1.83,2.55,3.21,3.78,4.43,,,4.5,7.51
ZnS,II-VI,M_i_A,Li,,,-1.2,-0.69,2.52,3.24,3.91,4.63,,,2.34,4.74
ZnS,II-VI,M_i_B,Al,,,1.52,1.52,2.64,3.29,3.73,4.33,,,5.68,8.68
ZnS,II-VI,M_i_B,Mg,,,-1.11,2.02,2.75,3.49,4.19,4.55,,,4.93,7.24
ZnS,II-VI,M_i_B,Cs,,,-0.73,-0.3,2.77,3.52,4.27,5.02,,,8.31,11.7
ZnS,II-VI,M_i_B,Mn,,,-1.09,1.42,2.38,3.06,3.71,4.44,,,1.82,4.71
ZnS,II-VI,M_i_B,Pd,,,-1.04,-0.5,0.19,2.96,3.74,4.55,,,3.22,3.97
ZnS,II-VI,M_i_neut,Ir,,,-0.46,-0.01,1.08,1.89,3.48,4.17,,,5.41,7.04
ZnS,II-VI,M_i_neut,Se,,,-1.08,0.75,1.13,1.97,2.65,4.14,,,6.27,4.85
ZnS,II-VI,M_i_neut,Ti,,,0.44,1.44,2.41,3.07,3.68,4.31,,,3.16,7.43
ZnS,II-VI,M_i_neut,Pb,,,-0.59,1.53,2.5,3.09,3.61,3.61,,,7.02,9.23
ZnS,II-VI,M_i_neut,Zr,,,0.7,1.71,2.26,2.65,3.53,4.21,,,6.59,11.51
ZnSe,II-VI,M_A,Ru,,,-1.06,0.08,0.65,1.34,2.57,3.24,,,4.8,3.33
ZnSe,II-VI,M_A,As,,,-1.02,-0.49,1.72,2.24,2.25,2.25,,,4.16,2.3
ZnSe,II-VI,M_A,B,,,-1.21,-0.78,1.57,2.15,2.79,3.31,,,3.84,2.43
ZnSe,II-VI,M_A,Pt,,,-0.92,-0.46,0.29,1.15,1.95,3.09,,,4.76,2.58
ZnSe,II-VI,M_A,Al,,,-1.07,-0.66,1.79,2.42,2.97,3.61,,,1.2,1.5
ZnSe,II-VI,M_B,Br,,,-1.01,-0.62,1.86,2.48,3.03,3.63,,,0.92,1.82
ZnSe,II-VI,M_B,Rh,,,-0.95,-0.52,-0.06,0.62,2.57,3.08,,,4.2,5.99
ZnSe,II-VI,M_B,Ni,,,-1.05,-0.68,-0.11,1.92,2.44,3.02,,,0.92,2.84
ZnSe,II-VI,M_B,Tl,,,0.56,0.85,1.14,1.76,2.33,2.79,,,2.63,4.99
ZnSe,II-VI,M_B,C,,,-1.17,-0.78,-0.33,0.13,0.62,2.83,,,4.1,5.91
ZnSe,II-VI,M_i_A,Te,,,0.14,0.4,1.07,1.56,2.05,3.23,,,6.35,5.43
ZnSe,II-VI,M_i_A,K,,,-0.86,-0.44,1.98,2.59,3.14,3.72,,,3.1,4.37
ZnSe,II-VI,M_i_A,Au,,,-0.87,-0.48,1.43,1.92,2.92,3.38,,,3.46,3.05
ZnSe,II-VI,M_i_A,Ba,,,-0.66,1.53,2.13,2.73,3.28,3.67,,,5.8,7.68
ZnSe,II-VI,M_i_A,Cl,,,-0.9,-0.53,-0.11,0.3,2.73,3.36,,,4.79,3.88
ZnSe,II-VI,M_i_B,Fe,,,-0.35,0.51,1.8,2.34,2.82,3.79,,,1.28,2.32
ZnSe,II-VI,M_i_B,As,,,0.53,0.89,1.19,1.84,2.27,2.64,,,5.52,5.46
ZnSe,II-VI,M_i_B,Au,,,-0.91,-0.45,1.55,1.95,2.84,3.34,,,3.59,3.18
ZnSe,II-VI,M_i_B,Pd,,,-0.86,-0.42,0.1,2.24,2.86,3.43,,,2.89,2.35
ZnSe,II-VI,M_i_B,Bi,,,0.84,1.24,1.62,2.2,2.67,3.13,,,6.28,7.24
ZnSe,II-VI,M_i_neut,I,,,-0.29,0.18,0.82,1.43,2.89,3.5,,,6.02,5.11
ZnSe,II-VI,M_i_neut,Cs,,,-0.7,-0.28,2.07,2.65,3.28,3.29,,,5.75,7.3
ZnSe,II-VI,M_i_neut,F,,,-1.08,-0.68,-0.28,0.16,2.63,3.25,,,2.75,1.85
ZnSe,II-VI,M_i_neut,Hg,,,-0.8,0.44,0.98,2.5,3.03,3.52,,,3.08,3.5
ZnSe,II-VI,M_i_neut,La,,,1.34,1.53,2.09,2.37,2.38,2.38,,,6.28,9.19
ZnTe,II-VI,M_A,Hf,,,-0.76,0.7,1.24,1.95,2.42,2.76,,,3.15,3.76
ZnTe,II-VI,M_A,Ga,,,-0.87,-0.49,1.19,1.66,2.3,2.73,,,1.53,1.03
ZnTe,II-VI,M_A,Os,,,-0.84,0.03,0.52,1.05,1.97,2.41,,,4.57,3.46
ZnTe,II-VI,M_A,Mo,,,-0.85,0.21,0.64,1.63,1.89,2.75,,,4.15,3.44
ZnTe,II-VI,M_A,Cu,,,-0.95,-0.55,-0.19,0.23,2.18,2.63,,,0.79,-0.66
ZnTe,II-VI,M_B,Ge,,,-0.83,-0.49,-0.07,0.33,0.75,2.42,,,1.54,3.05
ZnTe,II-VI,M_B,Se,,,-0.91,-0.61,-0.23,1.8,2.28,2.61,,,-0.26,-0.26
ZnTe,II-VI,M_B,Li,,,0.13,0.38,1.11,1.47,1.73,2.11,,,3.4,5.39
ZnTe,II-VI,M_B,Zn,,,-0.78,0.63,0.77,1.06,1.54,1.96,,,1.89,4.15
ZnTe,II-VI,M_B,N,,,-0.9,-0.87,-0.86,-0.86,2.66,2.67,,,-2.12,-0.87
ZnTe,II-VI,M_i_A,C,,,-0.72,-0.26,0.29,0.52,1.34,1.77,,,6.79,6.79
ZnTe,II-VI,M_i_A,Zr,,,0.05,0.61,1.53,1.93,2.28,2.57,,,3.73,5.64
ZnTe,II-VI,M_i_A,Cr,,,-0.65,-0.07,1.58,2.03,2.4,2.72,,,-0.54,0.03
ZnTe,II-VI,M_i_A,P,,,-0.13,0.15,0.47,1.14,1.49,1.9,,,4.26,3.8
ZnTe,II-VI,M_i_A,Ca,,,-0.67,1.29,1.76,2.13,2.47,2.75,,,3.24,4.57
ZnTe,II-VI,M_i_B,Be,,,-0.71,0.97,1.44,1.98,2.39,2.73,,,3.43,4.16
ZnTe,II-VI,M_i_B,Ag,,,-0.76,-0.38,1.57,2.03,2.41,2.74,,,2.35,2.31
ZnTe,II-VI,M_i_B,Ti,,,0.15,0.97,1.53,1.88,2.3,2.6,,,1.78,3.11
ZnTe,II-VI,M_i_B,S,,,0.18,0.19,0.47,0.89,0.9,2.14,,,6.01,4.68
ZnTe,II-VI,M_i_B,Na,,,-0.78,-0.42,1.65,2.13,2.52,2.8,,,3.76,4.56
ZnTe,II-VI,M_i_neut,Sb,,,0.09,0.23,1.32,1.67,2.1,2.6,,,4.31,4.58
ZnTe,II-VI,M_i_neut,Mn,,,-0.68,0.47,1.19,1.95,2.38,4.03,,,0.79,1.08
ZnTe,II-VI,M_i_neut,W,,,0.1,0.49,0.9,1.55,2.25,2.57,,,6.38,6.7
ZnTe,II-VI,M_i_neut,Pt,,,-0.76,-0.32,0.11,1.87,2.17,2.17,,,2.9,2.56
ZnTe,II-VI,M_i_neut,Tl,,,-0.68,-0.3,1.67,2.19,2.55,2.83,,,2.78,3.26
CdO,II-VI,M_A,Ru,,,-0.11,0.26,1.18,1.18,2.07,2.43,,,2.9,6.55
CdO,II-VI,M_A,Rh,,,-0.39,0.18,0.68,1.06,1.68,2.43,,,2.92,4.61
CdO,II-VI,M_A,Ir,,,-0.22,0.38,0.93,1.37,1.96,2.5,,,3.59,5.56
CdO,II-VI,M_A,Rb,,,-0.88,-0.5,-0.11,0.28,1.47,2.16,,,2.18,2.35
CdO,II-VI,M_A,B,,,-1.24,-0.85,0.28,0.97,1.82,2.2,,,1.88,2.9
CdO,II-VI,M_B,Nb,,,0.05,0.56,1.17,1.69,2.27,2.67,,,12.32,19.45
CdO,II-VI,M_B,Re,,,-0.2,0.57,1.14,1.63,2.21,2.6,,,10.23,18.38
CdO,II-VI,M_B,Sc,,,0.42,1.04,1.31,1.95,2.27,2.72,,,9.69,14.78
CdO,II-VI,M_B,V,,,-0.17,0.57,1.14,1.71,2.18,2.69,,,5.06,11.78
CdO,II-VI,M_B,Te,,,-0.56,-0.17,0.23,1.3,1.97,2.82,,,1.26,7.82
CdO,II-VI,M_i_A,Pb,,,-0.22,0.76,1.31,2.02,2.4,2.77,,,3.53,6.54
CdO,II-VI,M_i_A,Ta,,,0.87,1.21,1.61,1.91,2.58,2.91,,,5.73,10.82
CdO,II-VI,M_i_A,Si,,,1.81,1.82,1.82,1.82,1.88,1.89,,,6.57,10.64
CdO,II-VI,M_i_A,Tc,,,-0.38,1.02,1.41,1.99,1.99,2.69,,,4.88,8.96
CdO,II-VI,M_i_A,Ni,,,-0.85,0.24,0.91,1.5,2.11,2.48,,,0.68,2.52
CdO,II-VI,M_i_B,Mg,,,-0.86,0.25,0.93,1.79,2.2,2.62,,,1.45,3.49
CdO,II-VI,M_i_B,Sn,,,0.18,0.96,1.36,1.93,2.39,2.89,,,3.7,7.77
CdO,II-VI,M_i_B,Br,,,-0.76,-0.21,0.39,0.94,1.66,2.28,,,5.65,4.84
CdO,II-VI,M_i_B,Y,,,0.03,0.7,1.54,1.96,2.41,2.76,,,3.84,6.89
CdO,II-VI,M_i_B,Sr,,,-0.68,0.43,1.1,1.95,2.37,2.8,,,3.33,5.81
CdO,II-VI,M_i_neut,Co,,,-0.85,-0.24,0.68,1.31,2.13,2.56,,,2.65,5.44
CdO,II-VI,M_i_neut,K,,,-0.76,-0.4,0.76,1.45,2.28,2.7,,,2.84,4.91
CdO,II-VI,M_i_neut,Cd,,,-0.8,0.27,0.91,1.74,2.2,2.59,,,2.32,4.36
CdO,II-VI,M_i_neut,O,,,-0.18,-0.18,-0.17,0.72,1.55,1.66,,,5.21,3.17
CdO,II-VI,M_i_neut,In,,,-0.1,0.45,1.23,1.66,2.24,2.7,,,3.63,6.68
CdS,II-VI,M_A,In,,,-0.85,-0.52,1.49,2.08,2.83,3,,,1.07,1.72
CdS,II-VI,M_A,V,,,-0.33,-0.04,1.29,1.94,2.47,3.09,,,-1.12,1.63
CdS,II-VI,M_A,O,,,-0.91,-0.34,0.06,0.43,2.07,2.71,,,8.04,6.61
CdS,II-VI,M_A,Zr,,,-0.85,1.2,1.74,2.19,2.74,3.29,,,3.19,5.4
CdS,II-VI,M_A,Se,,,-0.81,0.6,1,1.49,2.32,2.92,,,5.41,2.86
CdS,II-VI,M_A,S,,,-0.84,0.42,0.79,1.28,2.28,2.9,,,6.67,4.06
CdS,II-VI,M_B,Br,,,-0.76,-0.42,1.64,2.22,3.09,3.39,,,0.6,1.33
CdS,II-VI,M_B,Se,,,-0.81,-0.46,-0.16,1.91,2.49,3.35,,,0.03,0.07
CdS,II-VI,M_B,I,,,-0.69,-0.39,1.7,2.27,3.14,3.46,,,0.73,1.38
CdS,II-VI,M_B,Na,,,0.93,1.15,1.89,2.22,2.86,3.13,,,5.94,9.35
CdS,II-VI,M_B,Zn,,,-0.66,1.28,1.55,1.8,2.22,2.77,,,3.3,6.05
CdS,II-VI,M_B,Cd,,,-0.66,1.33,1.7,2.08,2.39,2.91,,,3.16,6.13
CdS,II-VI,M_i_A,Ta,,,0.71,1.35,1.88,2.57,2.76,3.07,,,6.77,10.11
CdS,II-VI,M_i_A,Be,,,-0.74,1.09,1.42,2.23,2.64,3.33,,,5.09,6.39
CdS,II-VI,M_i_A,Mo,,,0.9,1.36,1.81,2.23,2.57,3.26,,,6.66,9.27
CdS,II-VI,M_i_A,Sn,,,-0.54,1.51,2.02,2.64,3.01,3.29,,,3.92,6.13
CdS,II-VI,M_i_A,Al,,,0.58,0.66,1.89,2.37,3.02,3.36,,,4.63,6.58
CdS,II-VI,M_i_A,Cd,,,-0.65,1.14,1.54,2.4,2.78,3.47,,,3.02,4.69
CdS,II-VI,M_i_A,S,,,-0.6,-0.31,0.52,0.98,1.46,2.67,,,5.43,4.13
CdS,II-VI,M_i_B,Ti,,,1,1.42,1.89,2.63,3.05,3.37,,,2.36,5.66
CdS,II-VI,M_i_B,Rb,,,-0.6,-0.32,1.75,2.34,3.22,3.56,,,3.53,6.1
CdS,II-VI,M_i_B,Ir,,,-0.08,0.74,1.24,1.74,2.25,2.8,,,4.76,7.27
CdS,II-VI,M_i_B,Rh,,,-0.46,0.5,1.09,1.71,2.29,2.8,,,3.33,5.55
CdS,II-VI,M_i_B,Te,,,0.37,0.49,1.21,1.61,2.08,2.83,,,5.73,4.81
CdS,II-VI,M_i_B,Cd,,,-0.66,1.28,1.74,2.36,2.73,3.52,,,2.99,4.66
CdS,II-VI,M_i_B,S,,,-0.1,-0.09,0.74,1.09,1.55,2.65,,,5.86,4.55
CdS,II-VI,M_i_neut,Pt,,,-0.47,0.19,0.68,1.94,2.53,3.34,,,2.98,4.59
CdS,II-VI,M_i_neut,Cs,,,-0.59,-0.26,1.77,2.31,3.05,3.44,,,4.44,7.37
CdS,II-VI,M_i_neut,Ga,,,-0.51,0.57,1.78,2.28,2.98,3.36,,,3.51,5.46
CdS,II-VI,M_i_neut,Li,,,-0.81,-0.46,1.59,2.17,3,3.33,,,1.59,3.64
CdS,II-VI,M_i_neut,As,,,-0.54,0.62,1.68,2.18,2.48,2.79,,,4.09,5.38
CdS,II-VI,M_i_neut,Cd,,,-0.67,1.13,1.64,2.37,2.75,3.48,,,3.31,4.98
CdS,II-VI,M_i_neut,S,,,-0.69,0.79,0.79,1.44,1.91,2.71,,,5.27,3.97
CdSe,II-VI,M_A,Pb,,,-0.72,-0.2,0.3,1.63,2.15,2.93,,,0.76,0.62
CdSe,II-VI,M_A,Cu,,,-0.92,-0.55,-0.18,0.32,1.75,2.29,,,0.67,-0.35
CdSe,II-VI,M_A,Tl,,,-0.77,-0.45,0.81,1.29,2.04,2.48,,,1.23,0.5
CdSe,II-VI,M_A,Ru,,,-0.79,0.21,0.78,1.1,1.76,2.36,,,3.43,3.43
CdSe,II-VI,M_A,C,,,-0.91,0.31,0.46,1.47,1.91,2.6,,,6.23,4.96
CdSe,II-VI,M_A,Se,,,-0.77,0.35,0.81,1.34,1.93,2.45,,,4.91,2.38
CdSe,II-VI,M_B,Os,,,-0.59,-0.59,0.01,1.39,1.86,2.32,,,5.9,7.72
CdSe,II-VI,M_B,Ge,,,-0.56,-0.28,0.42,0.77,1.17,2.18,,,2.16,4.24
CdSe,II-VI,M_B,Si,,,-0.68,-0.37,0.26,0.66,1.06,2.17,,,2.6,5.24
CdSe,II-VI,M_B,Hf,,,-0.38,0.14,1.11,1.53,1.83,2.41,,,7.04,10.88
CdSe,II-VI,M_B,Ca,,,0.33,1.1,1.5,1.93,2.23,2.69,,,5.62,8.18
CdSe,II-VI,M_B,Cd,,,-0.7,0.98,1.34,1.7,2,2.47,,,2.09,4.62
CdSe,II-VI,M_i_A,Bi,,,0.76,1.14,1.52,1.77,2.21,2.61,,,3.95,4.91
CdSe,II-VI,M_i_A,Au,,,-0.72,-0.38,1.01,1.45,2.22,2.58,,,2.53,2.21
CdSe,II-VI,M_i_A,F,,,-0.87,-0.55,-0.25,0.08,1.78,2.34,,,2.22,1.59
CdSe,II-VI,M_i_A,Fe,,,-0.51,0.42,1.25,1.74,2.28,2.83,,,0.99,2.03
CdSe,II-VI,M_i_A,K,,,-0.64,-0.32,1.34,1.89,2.61,2.95,,,1.43,2.44
CdSe,II-VI,M_i_A,Cd,,,-0.65,0.76,1.17,1.96,2.3,2.93,,,1.79,3.05
CdSe,II-VI,M_i_A,Se,,,-0.35,-0.16,0.55,0.95,1.37,2.26,,,4.25,3
CdSe,II-VI,M_i_B,B,,,0.89,1.5,1.51,1.76,2.52,2.79,,,4.87,5.27
CdSe,II-VI,M_i_B,Cl,,,-0.69,-0.36,0.01,0.34,1.9,2.47,,,4.16,3.52
CdSe,II-VI,M_i_B,La,,,0.67,1.21,1.94,2.33,2.73,3.07,,,4.06,6.17
CdSe,II-VI,M_i_B,Pd,,,-0.66,-0.23,0.23,1.52,2.05,2.85,,,2.14,2.09
CdSe,II-VI,M_i_B,Sr,,,-0.62,1.02,1.58,2.37,2.77,3.04,,,3.02,4.29
CdSe,II-VI,M_i_B,Cd,,,-0.65,0.94,1.41,1.93,2.28,2.99,,,1.84,3.09
CdSe,II-VI,M_i_B,Se,,,-0.03,0.06,0.7,1.04,1.42,2.25,,,4.63,3.38
CdSe,II-VI,M_i_neut,Ag,,,-0.75,-0.38,1.2,1.79,2.55,2.92,,,1.64,1.62
CdSe,II-VI,M_i_neut,Co,,,-0.71,-0.36,1.24,1.8,2.55,2.93,,,2.29,3.17
CdSe,II-VI,M_i_neut,Ni,,,-0.54,0,0.79,1.6,2.1,2.86,,,-0.02,0.66
CdSe,II-VI,M_i_neut,P,,,-0.6,0.29,1.27,1.77,2.05,2.57,,,3.73,3.7
CdSe,II-VI,M_i_neut,Ca,,,-0.61,1.04,1.58,2.29,2.66,2.98,,,3.22,4.49
CdSe,II-VI,M_i_neut,Cd,,,-0.67,0.87,1.35,1.99,2.31,2.98,,,2.15,3.4
CdSe,II-VI,M_i_neut,Se,,,-0.63,0.7,0.83,1.34,1.79,2.34,,,4.12,2.87
CdTe,II-VI,M_A,Li,,,-0.83,-0.54,-0.24,0.07,1.79,2.31,,,1.06,0.58
CdTe,II-VI,M_A,Na,,,-0.74,-0.46,-0.17,0.16,1.88,2.34,,,1.28,0.95
CdTe,II-VI,M_A,K,,,-0.58,-0.26,-0.06,0.27,1.92,2.48,,,1.82,1.61
CdTe,II-VI,M_A,Rb,,,-0.53,-0.24,0.04,0.37,1.99,2.44,,,2.03,1.95
CdTe,II-VI,M_A,Cs,,,-0.43,-0.21,0.12,0.49,1.99,2.53,,,2.35,2.33
CdTe,II-VI,M_A,Be,,,-0.9,-0.63,-0.3,1.42,1.86,2.24,,,0.58,0.36
CdTe,II-VI,M_A,Mg,,,-0.8,-0.51,-0.2,1.53,2.09,2.43,,,0.04,0.04
CdTe,II-VI,M_A,Ca,,,-0.7,-0.44,-0.13,1.63,2.08,2.48,,,0.73,0.73
CdTe,II-VI,M_A,Sr,,,-0.62,-0.39,-0.09,1.68,2.13,2.54,,,1.01,1.01
CdTe,II-VI,M_A,Ba,,,-0.57,-0.31,0,1.73,2.19,2.61,,,1.29,1.29
CdTe,II-VI,M_A,B,,,-0.96,-0.64,0.91,1.42,1.89,2.26,,,3.48,2.53
CdTe,II-VI,M_A,Al,,,-0.84,-0.52,1.16,1.63,2.04,2.49,,,0.84,1.03
CdTe,II-VI,M_A,Ga,,,-0.81,-0.49,0.97,1.39,1.95,2.31,,,0.95,0.83
CdTe,II-VI,M_A,In,,,-0.78,-0.49,1.09,1.61,2.05,2.51,,,0.88,0.72
CdTe,II-VI,M_A,Tl,,,-0.75,-0.43,0.65,1.18,2.01,2.41,,,1.14,0.67
CdTe,II-VI,M_A,C,,,-0.87,-0.21,0.08,1.4,1.77,2.17,,,5.71,4.76
CdTe,II-VI,M_A,Si,,,-0.81,0.31,0.6,1.61,2,2.38,,,2.24,1.29
CdTe,II-VI,M_A,Ge,,,-0.74,-0.11,0.27,1.61,2.03,2.4,,,1.37,0.6
CdTe,II-VI,M_A,Sn,,,-0.68,0.05,0.5,1.68,2.11,2.49,,,1.17,0.79
CdTe,II-VI,M_A,Pb,,,-0.73,-0.32,0.18,1.67,2.11,2.5,,,0.84,0.72
CdTe,II-VI,M_A,N,,,-0.93,-0.63,0.62,0.92,0.93,2.77,,,0.36,-0.59
CdTe,II-VI,M_A,P,,,-0.79,-0.45,1.09,1.58,1.97,2.37,,,3.4,2.26
CdTe,II-VI,M_A,As,,,-0.79,-0.48,1.19,1.63,2.01,2.38,,,2.86,1.7
CdTe,II-VI,M_A,Sb,,,-0.7,-0.35,1.31,1.75,2.12,2.48,,,2.54,1.81
CdTe,II-VI,M_A,Bi,,,-0.72,-0.4,1.35,1.78,2.14,2.56,,,2.04,1.67
CdTe,II-VI,M_A,O,,,-0.83,-0.52,0.02,0.02,0.76,2.02,,,6.11,4.66
CdTe,II-VI,M_A,S,,,-1.13,-1.12,0.45,0.46,1.1,2.05,,,5.51,3.61
CdTe,II-VI,M_A,Se,,,-0.73,0.15,0.64,1.19,1.87,2.36,,,4.43,2.52
CdTe,II-VI,M_A,Te,,,-0.66,0.37,0.89,1.38,1.98,2.45,,,4.17,2.29
CdTe,II-VI,M_A,F,,,-0.81,-0.54,-0.22,0.41,0.96,1.47,,,5.35,3.93
CdTe,II-VI,M_A,Cl,,,-0.71,-0.4,0.03,0.81,1.45,2.05,,,5.18,3.75
CdTe,II-VI,M_A,Br,,,-0.74,-0.74,0.64,0.95,1.6,2.2,,,4.44,3.01
CdTe,II-VI,M_A,I,,,-0.99,-0.24,0.82,1.19,1.77,2.4,,,4.34,2.91
CdTe,II-VI,M_A,Sc,,,-0.79,-0.51,1.22,1.72,2.09,2.45,,,-0.24,0.23
CdTe,II-VI,M_A,Ti,,,-0.8,0.13,0.63,1.54,1.96,2.36,,,-1.34,-0.68
CdTe,II-VI,M_A,V,,,-0.72,-0.45,0.67,1.34,1.92,2.29,,,-1.74,-1.72
CdTe,II-VI,M_A,Cr,,,-0.82,-0.34,0.14,0.85,1.85,2.29,,,-1.9,-2.28
CdTe,II-VI,M_A,Mn,,,-0.83,-0.54,-0.19,1.48,2.02,2.38,,,-1.45,-2.03
CdTe,II-VI,M_A,Fe,,,-0.84,-0.52,0.25,0.96,1.77,2.2,,,-0.57,-1
CdTe,II-VI,M_A,Co,,,-0.91,-0.59,-0.24,0.96,1.69,2.17,,,-0.72,-1.08
CdTe,II-VI,M_A,Ni,,,-0.87,-0.49,-0.05,0.58,1.28,2.1,,,-0.11,-0.44
CdTe,II-VI,M_A,Cu,,,-0.92,-0.52,-0.21,0.16,1.77,2.21,,,0.33,-0.5
CdTe,II-VI,M_A,Zn,,,-0.83,-0.56,-0.23,1.47,1.93,2.32,,,-0.32,-0.34
CdTe,II-VI,M_A,Y,,,-0.73,-0.42,1.33,1.8,2.2,2.71,,,1.44,2.04
CdTe,II-VI,M_A,Zr,,,-0.76,0.59,1.06,1.64,2.11,2.5,,,1.9,3.13
CdTe,II-VI,M_A,Nb,,,-0.2,-0.02,1.06,1.62,2.03,2.38,,,2.65,3.34
CdTe,II-VI,M_A,Mo,,,-0.72,0.28,0.72,1.2,1.89,2.37,,,3.51,3.37
CdTe,II-VI,M_A,Tc,,,-0.55,0.15,0.23,1.32,1.76,2.17,,,3.31,3.31
CdTe,II-VI,M_A,Ru,,,-0.86,-0.05,0.37,0.8,1.63,2.17,,,3.14,3.2
CdTe,II-VI,M_A,Rh,,,-0.71,-0.3,0.05,0.86,1.44,1.94,,,1.24,1.51
CdTe,II-VI,M_A,Pd,,,-0.81,-0.44,-0.05,0.48,1.05,2.12,,,2.61,1.77
CdTe,II-VI,M_A,Ag,,,-0.85,-0.51,-0.2,0.17,1.81,2.27,,,1.46,0.48
CdTe,II-VI,M_A,Cd,,,-0.78,-0.5,-0.18,1.55,2.01,2.39,,,0,-0.03
CdTe,II-VI,M_A,La,,,-0.72,-0.42,1.32,1.88,2.25,2.58,,,1.79,2.54
CdTe,II-VI,M_A,Hf,,,-0.76,0.79,1.2,1.68,2.01,2.39,,,2.17,3.41
CdTe,II-VI,M_A,Ta,,,-0.1,0.25,1.1,1.66,2.09,2.41,,,3.26,3.62
CdTe,II-VI,M_A,W,,,-0.53,0.48,0.94,1.4,1.74,2.38,,,4.74,4.1
CdTe,II-VI,M_A,Re,,,-0.38,0.43,0.49,1.2,1.81,2.13,,,4.7,4.25
CdTe,II-VI,M_A,Os,,,-0.79,0.12,0.55,0.99,1.65,2.21,,,4.27,3.55
CdTe,II-VI,M_A,Ir,,,-0.58,-0.19,0.22,0.98,1.46,1.96,,,3.53,3.45
CdTe,II-VI,M_A,Pt,,,-0.7,-0.37,0.07,0.61,1.15,2.13,,,2.79,2.26
CdTe,II-VI,M_A,Au,,,-0.86,-0.45,-0.13,0.26,1.8,2.26,,,2.02,0.8
CdTe,II-VI,M_A,Hg,,,-0.78,-0.5,-0.17,1.52,1.99,2.41,,,0.66,0.04
CdTe,II-VI,M_B,Li,,,0.25,0.38,1.01,1.29,1.64,1.96,,,3.43,4.86
CdTe,II-VI,M_B,Na,,,0.37,0.56,1.26,1.55,2,2.28,,,3.14,4.71
CdTe,II-VI,M_B,K,,,0.83,1.22,1.51,1.8,2.21,2.54,,,3.68,5.37
CdTe,II-VI,M_B,Rb,,,0.82,1.37,1.61,1.91,2.28,2.56,,,3.67,5.48
CdTe,II-VI,M_B,Cs,,,0.89,1.26,1.62,1.74,1.79,2.06,,,3.32,5.21
CdTe,II-VI,M_B,Be,,,-0.7,0.19,0.27,0.59,1.12,1.57,,,3.76,5.44
CdTe,II-VI,M_B,Mg,,,-0.66,0.69,0.91,1.18,1.55,2.04,,,3.32,5.22
CdTe,II-VI,M_B,Ca,,,-0.05,0.79,1.19,1.46,1.84,2.27,,,5.07,6.98
CdTe,II-VI,M_B,Sr,,,0.27,0.98,1.32,1.69,1.98,2.39,,,5.28,7.18
CdTe,II-VI,M_B,Ba,,,0.69,1.08,1.44,1.74,2.08,2.47,,,5.65,7.55
CdTe,II-VI,M_B,B,,,-0.89,-0.56,-0.24,0.25,0.65,1.05,,,4.48,5.43
CdTe,II-VI,M_B,Al,,,-0.08,-0.03,0.24,0.8,1.18,1.56,,,2.6,4.69
CdTe,II-VI,M_B,Ga,,,0.11,0.11,0.28,0.82,1.19,1.56,,,2.15,3.94
CdTe,II-VI,M_B,In,,,0.22,0.29,0.49,0.98,1.38,1.76,,,2.08,3.82
CdTe,II-VI,M_B,Tl,,,0.45,0.47,0.65,1.09,1.5,1.84,,,2.21,3.64
CdTe,II-VI,M_B,C,,,-0.91,-0.62,-0.29,-0.01,0.32,1.91,,,5.06,6.01
CdTe,II-VI,M_B,Si,,,-0.78,-0.46,-0.1,0.28,0.65,2.06,,,2.43,3.38
CdTe,II-VI,M_B,Ge,,,-0.67,-0.42,0,0.39,0.74,2.07,,,1.99,3.12
CdTe,II-VI,M_B,Sn,,,-0.52,-0.28,0.21,0.6,0.96,2.12,,,1.77,3.29
CdTe,II-VI,M_B,Pb,,,-0.38,-0.15,0.4,0.75,1.09,2.15,,,2,3.77
CdTe,II-VI,M_B,N,,,-0.95,-0.65,-0.38,-0.06,1.46,1.92,,,-2.64,-1.69
CdTe,II-VI,M_B,P,,,-0.88,-0.56,-0.27,0.06,1.76,2.22,,,0.85,1.61
CdTe,II-VI,M_B,As,,,-0.85,-0.52,-0.24,0.09,1.76,2.22,,,0.81,1.55
CdTe,II-VI,M_B,Sb,,,-0.76,-0.43,-0.14,0.2,1.82,2.28,,,0.79,1.97
CdTe,II-VI,M_B,Bi,,,-0.69,-0.36,-0.03,0.3,1.83,2.29,,,1.03,2.56
CdTe,II-VI,M_B,O,,,-0.89,-0.63,-0.31,0.97,1.39,2.13,,,1.69,2.14
CdTe,II-VI,M_B,S,,,-0.84,-0.58,-0.25,1.41,1.88,2.29,,,0.84,0.84
CdTe,II-VI,M_B,Se,,,-0.8,-0.53,-0.21,1.48,1.94,2.35,,,0.04,0.04
CdTe,II-VI,M_B,Te,,,-0.77,-0.5,-0.18,1.55,2.01,2.39,,,-0.03,0
CdTe,II-VI,M_B,F,,,-0.83,-0.53,0.82,1.08,1.81,2.11,,,2.03,2.51
CdTe,II-VI,M_B,Cl,,,-0.77,-0.47,1.18,1.63,2.06,2.48,,,1.55,2.02
CdTe,II-VI,M_B,Br,,,-0.75,-0.45,1.24,1.69,2.1,2.52,,,0.84,1.31
CdTe,II-VI,M_B,I,,,-0.74,-0.43,1.28,1.75,2.14,2.62,,,0.74,1.21
CdTe,II-VI,M_B,Sc,,,-0.39,0,0.52,1.21,1.65,1.95,,,3.65,6.03
CdTe,II-VI,M_B,Ti,,,-0.59,-0.17,0.78,1.19,1.39,2.15,,,2.45,5.01
CdTe,II-VI,M_B,V,,,-0.63,-0.14,0.3,1.27,1.73,2.03,,,1.13,3.06
CdTe,II-VI,M_B,Cr,,,-0.67,-0.1,0.91,1.3,1.58,2.05,,,0.52,2.05
CdTe,II-VI,M_B,Mn,,,-0.67,0.1,0.61,0.98,1.57,2.11,,,1.67,2.99
CdTe,II-VI,M_B,Fe,,,-0.73,-0.42,0.13,1.19,1.65,2.89,,,1.44,2.92
CdTe,II-VI,M_B,Co,,,-0.85,-0.5,0.4,0.94,1.58,2.08,,,1.4,2.95
CdTe,II-VI,M_B,Ni,,,-0.82,-0.55,-0.21,1.23,1.59,2.08,,,0.83,2.41
CdTe,II-VI,M_B,Cu,,,-0.8,-0.51,0.87,1.18,1.6,1.96,,,1.54,2.62
CdTe,II-VI,M_B,Zn,,,-0.66,0.73,0.79,1.04,1.41,1.9,,,2.02,3.91
CdTe,II-VI,M_B,Y,,,-0.16,0.3,0.73,1.33,1.79,2.08,,,5.61,8.12
CdTe,II-VI,M_B,Zr,,,-0.55,-0.15,0.74,1.07,1.41,2.17,,,5.76,8.89
CdTe,II-VI,M_B,Nb,,,-0.62,-0.23,0.37,1.24,1.68,1.99,,,5.77,8.37
CdTe,II-VI,M_B,Mo,,,-0.65,0.01,0.7,1.08,1.42,2.11,,,6.01,7.78
CdTe,II-VI,M_B,Tc,,,-0.55,-0.34,0.16,0.64,1.75,2.2,,,5.58,7.49
CdTe,II-VI,M_B,Ru,,,-0.81,-0.5,-0.22,0.97,1.43,2.09,,,4.65,6.61
CdTe,II-VI,M_B,Rh,,,-0.81,-0.55,-0.24,0.27,1.72,2.12,,,3.33,5.5
CdTe,II-VI,M_B,Pd,,,-0.86,-0.57,-0.26,1.35,1.72,2.21,,,2.3,3.37
CdTe,II-VI,M_B,Ag,,,-0.79,-0.49,1.01,1.34,1.78,2.14,,,2.15,3.07
CdTe,II-VI,M_B,Cd,,,-0.66,0.76,0.96,1.24,1.57,2.06,,,2.14,4.01
CdTe,II-VI,M_B,La,,,-0.05,0.46,0.97,1.49,1.93,2.2,,,6.21,8.86
CdTe,II-VI,M_B,Hf,,,-0.58,-0.22,0.68,1.04,1.38,2.17,,,5.68,8.83
CdTe,II-VI,M_B,Ta,,,-0.7,-0.31,0.42,1.18,1.4,2.09,,,6.63,8.9
CdTe,II-VI,M_B,W,,,-0.77,0.39,0.4,0.4,1.36,2.09,,,7.94,9.21
CdTe,II-VI,M_B,Re,,,-0.27,-0.27,-0.27,0.63,1.74,2.2,,,6.75,8.2
CdTe,II-VI,M_B,Os,,,-0.66,-0.65,-0.22,0.99,1.46,2.09,,,5.71,6.89
CdTe,II-VI,M_B,Ir,,,-0.78,-0.53,-0.24,0.3,1.71,2.13,,,3.95,5.77
CdTe,II-VI,M_B,Pt,,,-0.82,-0.56,-0.25,1.35,1.73,2.24,,,2.13,3.5
CdTe,II-VI,M_B,Au,,,-0.78,-0.49,1,1.34,1.77,2.15,,,1.92,2.6
CdTe,II-VI,M_B,Hg,,,-0.65,0.84,1,1.34,1.61,2.1,,,1.89,3.17
CdTe,II-VI,M_i_A,Li,,,-0.73,-0.42,1.28,1.75,2.12,2.59,,,1.09,1.57
CdTe,II-VI,M_i_A,Na,,,-0.7,-0.38,1.31,1.78,2.16,2.63,,,0.92,1.54
CdTe,II-VI,M_i_A,K,,,-0.65,-0.33,1.37,1.83,2.2,2.64,,,1.49,2.22
CdTe,II-VI,M_i_A,Rb,,,-0.61,-0.3,1.4,1.85,2.23,2.65,,,1.98,2.84
CdTe,II-VI,M_i_A,Cs,,,-0.57,-0.25,1.44,1.86,2.28,2.67,,,2.85,3.79
CdTe,II-VI,M_i_A,Be,,,-0.67,0.2,0.77,1.65,2,2.36,,,3.31,4.04
CdTe,II-VI,M_i_A,Mg,,,-0.65,0.92,1.37,1.84,2.2,2.5,,,2.44,3.39
CdTe,II-VI,M_i_A,Ca,,,-0.6,1.08,1.52,1.92,2.23,2.52,,,2.47,3.42
CdTe,II-VI,M_i_A,Sr,,,-0.57,1.09,1.53,1.95,2.27,2.55,,,2.73,3.68
CdTe,II-VI,M_i_A,Ba,,,-0.52,1.11,1.55,1.96,2.31,2.63,,,3.25,4.2
CdTe,II-VI,M_i_A,B,,,-0.75,-0.44,1.07,1.39,1.65,2.12,,,5.21,5.21
CdTe,II-VI,M_i_A,Al,,,-0.52,-0.17,1.37,1.76,2.13,2.49,,,2.37,3.52
CdTe,II-VI,M_i_A,Ga,,,-0.7,-0.38,1.36,1.75,2.11,2.51,,,1.62,2.45
CdTe,II-VI,M_i_A,In,,,-0.62,-0.24,1.4,1.8,2.15,2.56,,,1.84,2.64
CdTe,II-VI,M_i_A,Tl,,,-0.64,-0.32,1.41,1.82,2.16,2.6,,,1.65,2.13
CdTe,II-VI,M_i_A,C,,,-0.67,-0.29,0.09,0.5,1.61,1.92,,,6.86,6.86
CdTe,II-VI,M_i_A,Si,,,-0.64,0.91,1.19,1.44,1.84,2.22,,,3.78,3.78
CdTe,II-VI,M_i_A,Ge,,,-0.67,0.93,1.33,1.54,1.9,2.29,,,3.07,3.25
CdTe,II-VI,M_i_A,Sn,,,-0.59,1.02,1.43,1.79,2.13,2.4,,,2.81,3.38
CdTe,II-VI,M_i_A,Pb,,,-0.56,1.07,1.48,1.85,2.18,2.46,,,2.63,3.46
CdTe,II-VI,M_i_A,N,,,-0.75,-0.48,-0.16,0.75,0.99,1.35,,,-0.32,-0.32
CdTe,II-VI,M_i_A,P,,,0.04,0.06,0.33,1.11,1.42,1.79,,,3.64,3.45
CdTe,II-VI,M_i_A,As,,,0.18,0.32,0.56,1.23,1.56,1.92,,,3.42,3.21
CdTe,II-VI,M_i_A,Sb,,,0.47,0.7,0.95,1.41,1.79,2.11,,,3.58,3.8
CdTe,II-VI,M_i_A,Bi,,,0.56,0.86,1.11,1.5,1.9,2.25,,,3.53,4.11
CdTe,II-VI,M_i_A,O,,,-0.78,-0.51,-0.24,0.06,0.33,2.06,,,4.18,3.68
CdTe,II-VI,M_i_A,S,,,-0.7,-0.39,0.06,0.45,0.8,2.12,,,4.45,3.5
CdTe,II-VI,M_i_A,Se,,,-0.52,-0.28,0.28,0.67,1.03,2.16,,,3.77,2.82
CdTe,II-VI,M_i_A,Te,,,-0.12,0.06,0.63,0.97,1.35,2.24,,,4.14,3.21
CdTe,II-VI,M_i_A,F,,,-0.83,-0.54,-0.27,0.05,1.79,2.25,,,1.99,1.52
CdTe,II-VI,M_i_A,Cl,,,-0.75,-0.45,-0.17,0.14,1.88,2.34,,,2.96,2.49
CdTe,II-VI,M_i_A,Br,,,-0.67,-0.37,-0.1,0.2,1.89,2.36,,,2.91,2.43
CdTe,II-VI,M_i_A,I,,,-0.57,-0.19,0.16,0.49,1.94,2.4,,,3.71,3.24
CdTe,II-VI,M_i_A,Sc,,,0.43,1.01,1.47,1.81,2.15,2.51,,,1.88,3.31
CdTe,II-VI,M_i_A,Ti,,,-0.27,0.51,1.33,1.76,2.13,2.56,,,0.43,2.04
CdTe,II-VI,M_i_A,V,,,-0.67,0.67,1.32,2.06,2.06,2.07,,,-0.13,0.84
CdTe,II-VI,M_i_A,Cr,,,-0.62,-0.04,1.27,1.73,2.11,2.58,,,-0.82,-0.25
CdTe,II-VI,M_i_A,Mn,,,-0.66,0.78,1.34,1.74,2.1,2.46,,,0.97,1.34
CdTe,II-VI,M_i_A,Fe,,,-0.61,0.12,1.08,1.6,1.98,2.35,,,1.12,1.64
CdTe,II-VI,M_i_A,Co,,,-0.69,-0.34,1.16,1.62,2.01,2.38,,,0.89,1.49
CdTe,II-VI,M_i_A,Ni,,,-0.64,-0.21,0.67,1.49,1.9,2.32,,,0.77,1.4
CdTe,II-VI,M_i_A,Cu,,,-0.75,-0.42,1.06,1.44,2.04,2.36,,,1.11,1.23
CdTe,II-VI,M_i_A,Zn,,,-0.66,0.06,0.54,1.67,2.06,2.41,,,1.13,2.07
CdTe,II-VI,M_i_A,Y,,,0.74,1.18,1.57,1.88,2.25,2.55,,,3.46,5.01
CdTe,II-VI,M_i_A,Zr,,,0.26,0.76,1.36,1.78,2.14,2.59,,,3.43,5.61
CdTe,II-VI,M_i_A,Nb,,,-0.37,0.96,1.44,1.76,2.2,2.33,,,4.19,5.83
CdTe,II-VI,M_i_A,Mo,,,0.15,0.46,1.51,1.51,2.08,2.42,,,5.24,6.06
CdTe,II-VI,M_i_A,Tc,,,-0.12,0.2,0.89,1.5,1.93,2.28,,,4.75,5.71
CdTe,II-VI,M_i_A,Ru,,,-0.61,-0.16,0.45,1.53,1.98,2.35,,,3.81,4.82
CdTe,II-VI,M_i_A,Rh,,,-0.51,-0.36,0.7,1.33,1.85,2.24,,,2.65,3.87
CdTe,II-VI,M_i_A,Pd,,,-0.7,-0.38,0.04,1.5,1.96,2.37,,,2.02,2.13
CdTe,II-VI,M_i_A,Ag,,,-0.72,-0.4,1.2,1.62,2.11,2.5,,,1.71,1.68
CdTe,II-VI,M_i_A,Cd,,,-0.63,0.42,0.86,1.73,2.1,2.44,,,1.64,2.56
CdTe,II-VI,M_i_A,La,,,0.7,1.14,1.59,1.95,2.26,2.58,,,3.51,5.21
CdTe,II-VI,M_i_A,Hf,,,0.5,0.92,1.37,1.77,2.14,2.55,,,4.14,6.34
CdTe,II-VI,M_i_A,Ta,,,-0.14,0.99,1.43,1.77,2.27,2.35,,,5.34,6.65
CdTe,II-VI,M_i_A,W,,,0.49,0.81,1.27,1.56,1.98,2.33,,,6.85,7.17
CdTe,II-VI,M_i_A,Re,,,0.07,0.28,1.17,1.66,1.83,2.37,,,6.67,7.17
CdTe,II-VI,M_i_A,Os,,,-0.53,0.59,0.71,1.43,1.9,2.35,,,5.86,6.08
CdTe,II-VI,M_i_A,Ir,,,-0.16,-0.05,0.83,1.36,1.81,2.14,,,4.31,5.18
CdTe,II-VI,M_i_A,Pt,,,-0.62,-0.27,0.18,1.33,1.76,2.33,,,3.03,3.44
CdTe,II-VI,M_i_A,Au,,,-0.73,-0.4,0.76,1.14,2.01,2.35,,,2.26,1.99
CdTe,II-VI,M_i_A,Hg,,,-0.63,-0.13,0.31,1.68,2.08,2.44,,,1.31,1.64
CdTe,II-VI,M_i_B,Li,,,-0.74,-0.42,1.29,1.75,2.13,2.61,,,0.9,1.37
CdTe,II-VI,M_i_B,Na,,,-0.72,-0.4,1.31,1.78,2.17,2.72,,,1.01,1.63
CdTe,II-VI,M_i_B,K,,,-0.63,-0.38,1.4,1.83,2.29,2.75,,,1.89,2.63
CdTe,II-VI,M_i_B,Rb,,,-0.59,-0.28,1.43,1.9,2.32,2.75,,,2.49,3.35
CdTe,II-VI,M_i_B,Cs,,,-0.53,-0.23,1.47,1.94,2.37,2.81,,,3.42,4.36
CdTe,II-VI,M_i_B,Be,,,-0.63,0.99,1.3,1.69,2.02,2.53,,,2.97,3.7
CdTe,II-VI,M_i_B,Mg,,,-0.64,1.02,1.49,1.84,2.22,2.63,,,2.27,3.22
CdTe,II-VI,M_i_B,Ca,,,-0.57,1.08,1.56,1.93,2.47,2.72,,,2.74,3.69
CdTe,II-VI,M_i_B,Sr,,,-0.57,1.14,1.6,2,2.49,2.76,,,3.24,4.2
CdTe,II-VI,M_i_B,Ba,,,-0.49,1.17,1.64,2.04,2.53,2.79,,,3.92,4.87
CdTe,II-VI,M_i_B,B,,,0.58,0.59,1.22,1.6,2.09,2.41,,,4.84,4.84
CdTe,II-VI,M_i_B,Al,,,0.52,0.53,1.33,1.78,2.23,2.74,,,2.44,3.59
CdTe,II-VI,M_i_B,Ga,,,-0.05,-0.04,1.32,1.77,2.25,2.7,,,1.74,2.58
CdTe,II-VI,M_i_B,In,,,0.08,0.18,1.38,1.83,2.3,2.76,,,2.13,2.92
CdTe,II-VI,M_i_B,Tl,,,-0.55,-0.26,1.41,1.87,2.29,2.77,,,2.03,2.51
CdTe,II-VI,M_i_B,C,,,-0.7,0.59,1.08,1.38,1.88,2.31,,,6.94,6.94
CdTe,II-VI,M_i_B,Si,,,-0.65,0.94,1.38,1.86,2.19,2.54,,,3.81,3.81
CdTe,II-VI,M_i_B,Ge,,,-0.62,1.04,1.41,1.87,2.18,2.18,,,3.12,3.31
CdTe,II-VI,M_i_B,Sn,,,-0.57,1.07,1.51,1.94,2.1,2.4,,,3.17,3.74
CdTe,II-VI,M_i_B,Pb,,,-0.55,1.1,1.54,1.96,2.25,2.51,,,3.06,3.88
CdTe,II-VI,M_i_B,N,,,0.29,0.29,0.29,1.43,1.98,2.35,,,-0.15,-0.15
CdTe,II-VI,M_i_B,P,,,0.4,0.56,0.78,1.36,1.48,1.7,,,4.04,3.85
CdTe,II-VI,M_i_B,As,,,0.38,0.73,0.86,1.4,1.6,1.84,,,3.78,3.57
CdTe,II-VI,M_i_B,Sb,,,0.46,0.85,1.04,1.47,1.74,2.1,,,3.92,4.15
CdTe,II-VI,M_i_B,Bi,,,0.55,0.92,1.25,1.49,1.87,2.25,,,3.96,4.54
CdTe,II-VI,M_i_B,O,,,-0.74,-0.42,0.13,0.82,1.51,2.13,,,4.94,4.44
CdTe,II-VI,M_i_B,S,,,-0.42,-0.26,0.45,0.77,0.98,2.07,,,4.95,4
CdTe,II-VI,M_i_B,Se,,,-0.11,-0.1,0.55,0.85,1.12,2.12,,,4.21,3.26
CdTe,II-VI,M_i_B,Te,,,0.05,0.21,0.7,1.05,1.35,2.22,,,4.49,3.57
CdTe,II-VI,M_i_B,F,,,-0.82,-0.49,-0.2,0.11,1.82,2.28,,,2.89,2.41
CdTe,II-VI,M_i_B,Cl,,,-0.66,-0.34,-0.04,0.24,1.91,2.37,,,3.62,3.14
CdTe,II-VI,M_i_B,Br,,,-0.62,-0.32,0.07,0.39,1.92,2.4,,,3.42,2.94
CdTe,II-VI,M_i_B,I,,,-0.51,-0.2,0.31,0.67,1.99,2.47,,,4.13,3.66
CdTe,II-VI,M_i_B,Sc,,,0.8,1.26,1.58,1.94,2.33,2.67,,,2.05,3.47
CdTe,II-VI,M_i_B,Ti,,,0.38,1.17,1.37,1.75,2.19,2.5,,,0.96,2.57
CdTe,II-VI,M_i_B,V,,,0.27,0.7,1.11,1.71,2.04,2.41,,,-0.16,0.82
CdTe,II-VI,M_i_B,Cr,,,-0.46,-0.05,1.29,1.75,2.13,2.65,,,-1.06,-0.48
CdTe,II-VI,M_i_B,Mn,,,-0.68,0.96,1.45,1.82,2.2,4.22,,,0.62,0.99
CdTe,II-VI,M_i_B,Fe,,,-0.23,0.41,1.44,1.58,2.17,2.39,,,1.01,1.53
CdTe,II-VI,M_i_B,Co,,,-0.69,0.41,1.17,1.69,2,2.34,,,0.8,1.39
CdTe,II-VI,M_i_B,Ni,,,-0.61,-0.1,0.68,1.59,1.99,2.32,,,0.35,0.98
CdTe,II-VI,M_i_B,Cu,,,-0.74,-0.4,1.24,1.69,2.05,2.42,,,0.77,0.9
CdTe,II-VI,M_i_B,Zn,,,-0.64,0.68,1,1.63,2.04,2.48,,,1.34,2.28
CdTe,II-VI,M_i_B,Y,,,0.9,1.28,1.68,2.11,2.44,2.72,,,3.81,5.37
CdTe,II-VI,M_i_B,Zr,,,0.75,1.11,1.5,1.85,2.19,2.44,,,4.26,6.44
CdTe,II-VI,M_i_B,Nb,,,0.59,0.86,1.21,1.65,2.03,2.41,,,4.42,6.06
CdTe,II-VI,M_i_B,Mo,,,0.13,0.24,1.29,1.75,2.15,2.64,,,4.6,5.41
CdTe,II-VI,M_i_B,Tc,,,-0.43,0.75,1.29,1.6,1.95,2.34,,,4.78,5.74
CdTe,II-VI,M_i_B,Ru,,,-0.31,0.13,1.04,1.56,2.03,2.17,,,4.15,5.16
CdTe,II-VI,M_i_B,Rh,,,-0.5,0.07,0.58,1.14,1.85,2.16,,,2.68,3.9
CdTe,II-VI,M_i_B,Pd,,,-0.69,-0.33,0.05,1.55,2,2.37,,,1.86,1.97
CdTe,II-VI,M_i_B,Ag,,,-0.71,-0.38,1.29,1.74,2.11,2.54,,,1.61,1.58
CdTe,II-VI,M_i_B,Cd,,,-0.6,0.8,1.14,1.73,2.11,2.54,,,1.87,2.8
CdTe,II-VI,M_i_B,La,,,0.79,1.19,1.67,2.11,2.4,2.7,,,4.16,5.86
CdTe,II-VI,M_i_B,Hf,,,1.13,1.27,1.53,1.86,2.21,2.5,,,4.84,7.04
CdTe,II-VI,M_i_B,Ta,,,0.76,1.05,1.32,1.66,1.99,2.35,,,5.77,7.08
CdTe,II-VI,M_i_B,W,,,0.36,0.51,1.27,1.7,2.09,2.44,,,6.42,6.73
CdTe,II-VI,M_i_B,Re,,,-0.18,0.9,1.35,1.7,1.77,2.25,,,6.64,7.14
CdTe,II-VI,M_i_B,Os,,,-0.07,0.35,1.1,1.59,1.91,2.1,,,6.07,6.29
CdTe,II-VI,M_i_B,Ir,,,-0.16,0.24,0.73,1.16,1.71,2.1,,,4.22,5.09
CdTe,II-VI,M_i_B,Pt,,,-0.6,-0.2,0.16,1.48,1.77,2.18,,,2.76,3.17
CdTe,II-VI,M_i_B,Au,,,-0.69,-0.36,1.07,1.35,1.93,2.31,,,2.28,2
CdTe,II-VI,M_i_B,Hg,,,-0.6,0.32,0.62,1.7,2.14,2.53,,,1.63,1.97
CdTe,II-VI,M_i_neut,Li,,,-0.68,-0.39,1.3,1.79,2.17,2.67,,,1.15,1.63
CdTe,II-VI,M_i_neut,Na,,,-0.68,-0.36,1.36,1.8,2.2,2.69,,,1.47,2.09
CdTe,II-VI,M_i_neut,K,,,-0.61,-0.3,1.4,1.86,2.24,2.69,,,2.46,3.2
CdTe,II-VI,M_i_neut,Rb,,,-0.55,-0.24,1.44,1.89,2.27,2.71,,,3.02,3.88
CdTe,II-VI,M_i_neut,Cs,,,-0.55,-0.23,1.46,1.88,2.32,2.75,,,2.87,3.81
CdTe,II-VI,M_i_neut,Be,,,-0.64,1.06,1.75,1.77,2.08,2.46,,,3.39,4.12
CdTe,II-VI,M_i_neut,Mg,,,-0.6,1.04,1.49,1.87,2.3,2.58,,,2.72,3.68
CdTe,II-VI,M_i_neut,Ca,,,-0.58,1.09,1.54,1.88,2.29,2.64,,,3.45,4.4
CdTe,II-VI,M_i_neut,Sr,,,-0.53,1.13,1.57,1.92,2.32,2.68,,,3.92,4.87
CdTe,II-VI,M_i_neut,Ba,,,-0.5,1.18,1.58,1.94,2.32,2.64,,,4.42,5.37
CdTe,II-VI,M_i_neut,B,,,-0.86,-0.25,0.89,1.6,2,2.33,,,5.05,5.05
CdTe,II-VI,M_i_neut,Al,,,0.79,0.79,1.36,1.79,2.14,2.54,,,3.06,4.2
CdTe,II-VI,M_i_neut,Ga,,,0.24,0.24,1.34,1.78,2.15,2.56,,,2.36,3.19
CdTe,II-VI,M_i_neut,In,,,-0.2,0.2,1.42,1.82,2.19,2.61,,,2.7,3.5
CdTe,II-VI,M_i_neut,Tl,,,-0.52,-0.15,1.42,1.84,2.22,2.64,,,2.59,3.07
CdTe,II-VI,M_i_neut,C,,,0.33,0.33,1.2,1.2,1.88,2.44,,,6.66,6.66
CdTe,II-VI,M_i_neut,Si,,,-0.3,0.17,1.17,1.69,2.01,2.5,,,3.61,3.61
CdTe,II-VI,M_i_neut,Ge,,,-0.63,0.33,1.18,1.72,2.06,2.47,,,3.02,3.2
CdTe,II-VI,M_i_neut,Sn,,,-0.61,1.07,1.46,1.78,2.13,2.54,,,3.16,3.73
CdTe,II-VI,M_i_neut,Pb,,,-0.54,0.74,1.41,1.82,2.11,2.61,,,3.3,4.13
CdTe,II-VI,M_i_neut,N,,,-0.06,0.1,0.95,1.33,1.83,2.16,,,-0.22,-0.22
CdTe,II-VI,M_i_neut,P,,,-0.73,0.08,1.18,1.47,1.74,2.29,,,3.5,3.31
CdTe,II-VI,M_i_neut,As,,,-0.57,0.04,1.23,1.56,1.86,2.4,,,3.26,3.05
CdTe,II-VI,M_i_neut,Sb,,,-0.61,0.25,1.31,1.63,2.01,2.38,,,3.47,3.69
CdTe,II-VI,M_i_neut,Bi,,,-0.58,0.45,1.36,1.71,2.11,2.45,,,3.43,4
CdTe,II-VI,M_i_neut,O,,,-0.8,-0.49,-0.18,0.24,0.48,2.38,,,4.26,3.76
CdTe,II-VI,M_i_neut,S,,,-0.62,0.37,0.43,0.89,1.31,2.21,,,4.32,3.36
CdTe,II-VI,M_i_neut,Se,,,-0.54,0.41,0.63,1.07,1.5,2.25,,,3.63,2.68
CdTe,II-VI,M_i_neut,Te,,,-0.56,0.62,0.89,1.26,1.69,2.31,,,3.97,3.04
CdTe,II-VI,M_i_neut,F,,,-0.81,-0.51,-0.21,0.09,1.8,2.27,,,2.88,2.4
CdTe,II-VI,M_i_neut,Cl,,,-0.66,-0.35,0.04,0.45,1.9,2.34,,,3.45,2.98
CdTe,II-VI,M_i_neut,Br,,,-0.63,-0.35,-0.05,0.25,1.93,2.39,,,2.9,2.43
CdTe,II-VI,M_i_neut,I,,,-0.31,0.03,0.47,0.94,2.01,2.46,,,3.77,3.3
CdTe,II-VI,M_i_neut,Sc,,,0.41,1.56,1.56,1.78,2.16,2.56,,,2.45,3.88
CdTe,II-VI,M_i_neut,Ti,,,0.32,0.98,1.37,1.76,2.15,2.57,,,0.76,2.38
CdTe,II-VI,M_i_neut,V,,,0.16,0.63,1.2,1.7,2.07,2.46,,,-0.22,0.75
CdTe,II-VI,M_i_neut,Cr,,,-0.61,-0.13,1.3,1.74,2.13,2.58,,,-0.91,-0.33
CdTe,II-VI,M_i_neut,Mn,,,-0.72,0.7,1.29,1.72,2.02,2.45,,,0.63,0.99
CdTe,II-VI,M_i_neut,Fe,,,-0.74,0.32,1.2,1.67,2.31,2.32,,,0.61,1.14
CdTe,II-VI,M_i_neut,Co,,,-0.65,0.15,0.92,1.59,1.98,2.27,,,0.41,1
CdTe,II-VI,M_i_neut,Ni,,,-0.68,-0.18,0.44,1.56,1.99,2.37,,,-0.1,0.53
CdTe,II-VI,M_i_neut,Cu,,,-0.72,-0.38,1.28,1.74,2.1,2.45,,,0.67,0.8
CdTe,II-VI,M_i_neut,Zn,,,-0.64,1,1.01,1.7,2.08,2.46,,,1.67,2.6
CdTe,II-VI,M_i_neut,Y,,,0.73,1.08,1.51,1.84,2.19,2.57,,,4.43,5.99
CdTe,II-VI,M_i_neut,Zr,,,0.63,0.97,1.38,1.79,2.08,2.22,,,3.94,6.12
CdTe,II-VI,M_i_neut,Nb,,,-0.46,1.05,1.13,1.68,2.09,2.43,,,4.49,6.13
CdTe,II-VI,M_i_neut,Mo,,,-0.11,0.23,1.25,1.69,2,2.35,,,4.7,5.51
CdTe,II-VI,M_i_neut,Tc,,,-0.51,0.39,0.83,1.55,2.03,2.27,,,4.28,5.23
CdTe,II-VI,M_i_neut,Ru,,,-0.34,-0.14,0.84,1.37,1.97,2.22,,,3.81,4.82
CdTe,II-VI,M_i_neut,Rh,,,-0.45,-0.17,0.49,1.05,1.88,2.3,,,2.32,3.55
CdTe,II-VI,M_i_neut,Pd,,,-0.69,-0.33,0.07,1.56,2.02,2.42,,,1.61,1.72
CdTe,II-VI,M_i_neut,Ag,,,-0.69,-0.35,1.32,1.73,2.16,2.63,,,1.69,1.66
CdTe,II-VI,M_i_neut,Cd,,,-0.65,0.75,1.11,1.77,2.13,2.52,,,2.18,3.1
CdTe,II-VI,M_i_neut,La,,,0.61,1.08,1.52,1.89,2.24,2.57,,,4.62,6.32
CdTe,II-VI,M_i_neut,Hf,,,0.97,0.98,1.38,1.75,2.16,2.26,,,4.3,6.5
CdTe,II-VI,M_i_neut,Ta,,,-0.22,1.01,1.41,1.63,1.64,1.64,,,5.55,6.86
CdTe,II-VI,M_i_neut,W,,,0.36,0.57,1.24,1.66,2.03,2.29,,,6.27,6.59
CdTe,II-VI,M_i_neut,Re,,,-0.2,0.51,0.88,1.53,1.9,2.29,,,5.92,6.42
CdTe,II-VI,M_i_neut,Os,,,-0.1,0.11,0.73,1.5,1.96,2.26,,,5.26,5.49
CdTe,II-VI,M_i_neut,Ir,,,-0.18,0,0.62,1.11,1.89,2.3,,,3.52,4.39
CdTe,II-VI,M_i_neut,Pt,,,-0.58,-0.25,0.19,1.55,2.01,2.4,,,2.2,2.62
CdTe,II-VI,M_i_neut,Au,,,-0.68,-0.33,1.19,1.56,2.06,2.4,,,2.17,1.9
CdTe,II-VI,M_i_neut,Hg,,,-0.6,0.49,0.72,1.7,2.12,2.52,,,1.95,2.28
BN,III-V,M_A,As,,,-2.25,2.91,3.84,5.13,6.58,7.74,,,14.24,5.39
BN,III-V,M_A,Pb,,,-2.14,-1.02,4.1,5.35,6.69,7.97,,,17.05,9.4
BN,III-V,M_B,F,,,-2.43,2.28,3.62,5.49,6.66,7.41,,,7.78,12.88
BN,III-V,M_B,Li,,,-1.22,2.03,2.86,3.2,3.21,6.45,,,10.05,18.41
BN,III-V,M_i_A,Hg,,,-1.38,3.07,4.33,5.66,6.95,7.87,,,33.9,33.9
BN,III-V,M_i_A,Os,,,-1.64,3.18,4.49,5.52,6.61,7.85,,,25.56,24.91
BN,III-V,M_i_B,Cl,,,-1.88,-0.46,3.29,4.4,6.71,8.06,,,20.9,19.06
BN,III-V,M_i_B,Sc,,,1.57,2.82,4.08,5.36,6.57,7.71,,,24.01,25.7
BN,III-V,M_i_neut,Re,,,0.57,6.66,6.66,6.66,6.66,6.67,,,39.14,38.13
BN,III-V,M_i_neut,Br,,,-0.42,2.57,2.57,2.57,2.58,5.28,,,48.28,47.57
BP,III-V,M_A,Be,,,-1.27,-0.89,-0.47,0.26,1.95,2.63,,,1.31,1.45
BP,III-V,M_A,Te,,,-0.14,0.43,1.2,1.9,2.34,2.7,,,7.77,6.96
BP,III-V,M_B,V,,,-1.44,-1.03,-0.43,0.94,1.77,2.38,,,2.45,2.88
BP,III-V,M_B,Se,,,-1.45,-0.71,1.04,1.75,2.2,2.68,,,1.7,2.47
BP,III-V,M_i_A,W,,,-0.67,-0.15,0.41,1.54,2.22,2.63,,,7.79,7.92
BP,III-V,M_i_A,Au,,,-1.11,-0.39,1.28,1.95,2.44,2.86,,,9.49,9.77
BP,III-V,M_i_B,Zr,,,0,0.54,1.15,1.53,2.06,2.58,,,12.28,12.19
BP,III-V,M_i_B,Ta,,,-0.35,0.31,0.87,1.33,1.96,2.63,,,10.97,10.88
BP,III-V,M_i_neut,Ag,,,-1.07,-0.33,1.4,2.07,2.56,2.99,,,8.3,8.32
BP,III-V,M_i_neut,Pt,,,-0.82,-0.35,0.26,1.75,2.42,2.91,,,6.99,8.62
BAs,III-V,M_A,Al,,,-1.14,-0.76,-0.09,1.54,2.17,2.67,,,1.92,1.92
BAs,III-V,M_A,Hf,,,-0.99,-0.46,0.92,1.59,2.09,2.58,,,7.61,7.39
BAs,III-V,M_B,Au,,,-1.31,-0.34,0.31,0.96,1.65,2.16,,,3,3.07
BAs,III-V,M_B,N,,,-1.55,-1.15,-0.46,1.26,1.87,2.29,,,-0.97,-0.97
BAs,III-V,M_i_A,Cu,,,-1.27,-0.56,1.06,1.72,2.15,2.58,,,2.83,2.83
BAs,III-V,M_i_A,S,,,-0.74,-0.03,0.49,1.05,1.51,2.18,,,10.4,10.35
BAs,III-V,M_i_B,Tc,,,-0.9,-0.38,0.5,1.11,1.65,2.1,,,7.88,7.73
BAs,III-V,M_i_B,Ti,,,-0.45,0.12,0.87,1.51,1.88,2.28,,,6.35,6.2
BAs,III-V,M_i_neut,Cs,,,-0.56,-0.06,1.36,2.04,2.47,2.84,,,18.24,18.35
BAs,III-V,M_i_neut,Te,,,-0.59,0.47,1.07,1.63,2.05,2.46,,,12.39,12.42
BSb,III-V,M_A,Cd,,,-0.58,-0.27,0.05,0.5,1.44,2.09,,,3.21,2.71
BSb,III-V,M_A,Cr,,,-1.65,-0.47,0.21,0.78,1.51,1.51,,,0.49,4.02
BSb,III-V,M_B,Hg,,,-1.14,-0.68,-0.17,0.33,0.81,1.3,,,3.58,4.27
BSb,III-V,M_B,Ge,,,-1.31,-0.91,-0.56,0.03,1.18,1.81,,,1.71,0.06
BSb,III-V,M_i_A,Mn,,,-1.8,-0.2,0.33,0.78,1.35,1.92,,,1.86,4.69
BSb,III-V,M_i_A,La,,,-0.18,0.41,0.77,1.12,1.47,1.79,,,10.25,14.43
BSb,III-V,M_i_B,Zn,,,-0.58,0.1,0.72,1.23,1.71,1.93,,,5.92,4.93
BSb,III-V,M_i_B,Ca,,,-0.48,0.54,1.07,1.39,1.62,1.88,,,8.65,12.51
BSb,III-V,M_i_neut,Cl,,,-0.78,-0.45,-0.11,0.26,1.38,2.01,,,8.11,8.71
BSb,III-V,M_i_neut,Bi,,,0.34,0.77,0.94,1.33,1.64,1.9,,,10.71,11.86
AlN,III-V,M_A,Ni,,,-1.63,-0.75,0.17,2.29,3.78,5.09,,,4.8,-4.72
AlN,III-V,M_A,La,,,-1.41,-0.56,0.35,4.29,5.25,6.15,,,5.17,-1.58
AlN,III-V,M_B,Se,,,-1.3,-0.56,3.45,4.35,5.15,6.32,,,3.58,10.18
AlN,III-V,M_B,P,,,-0.99,-0.2,0.6,4.14,5.1,5.74,,,2.58,10.8
AlN,III-V,M_i_A,Pt,,,0.43,1.82,2.95,4.39,5.43,6.31,,,14.63,11.94
AlN,III-V,M_i_A,Te,,,1.63,2.34,3.52,4.3,5.38,6.23,,,20.55,19.8
AlN,III-V,M_i_B,Au,,,-1.35,-0.47,3.44,4.44,5.3,6.17,,,12.36,11.11
AlN,III-V,M_i_B,Ca,,,-1.51,2.68,3.69,4.58,5.31,6.23,,,12.45,14.83
AlN,III-V,M_i_neut,Si,,,1.93,2.56,3.6,4.32,5.11,5.89,,,11.13,14.19
AlN,III-V,M_i_neut,Li,,,-1.82,-1.06,3.25,4.26,5.14,5.83,,,2.69,4
AlP,III-V,M_A,Cd,,,-0.87,-0.5,-0.09,0.37,2.41,2.97,,,2.15,1.28
AlP,III-V,M_A,Hf,,,-0.98,-0.56,1.49,2.05,2.54,2.91,,,2.92,2.87
AlP,III-V,M_B,Pd,,,-1.01,-0.6,1.39,1.88,2.35,2.76,,,3.2,3.82
AlP,III-V,M_B,Zr,,,-0.16,0.69,1.3,1.91,2.03,2.94,,,8.13,10.33
AlP,III-V,M_i_A,Rh,,,-0.49,0.03,0.94,1.6,2.37,2.92,,,4.37,4.1
AlP,III-V,M_i_A,Cr,,,0.08,0.51,1.06,1.94,2.52,2.89,,,0.05,0.92
AlP,III-V,M_i_B,I,,,-0.17,0.22,0.71,1.19,2.68,3.18,,,8.6,8.18
AlP,III-V,M_i_B,B,,,-0.12,0.33,1.54,2.12,2.52,2.8,,,5.06,5.75
AlP,III-V,M_i_neut,Pb,,,-0.54,1.25,1.77,2.15,2.6,3,,,6.94,6.94
AlP,III-V,M_i_neut,Mo,,,-0.2,0.22,1.23,1.66,2.09,2.54,,,5.42,5.64
AlAs,III-V,M_A,Ta,,,-0.83,0.25,0.78,1.72,2.23,2.6,,,4.16,3.31
AlAs,III-V,M_A,Ti,,,-0.92,-0.55,0.69,1.46,2.14,2.65,,,0.11,-0.56
AlAs,III-V,M_B,Tl,,,0.04,0.21,0.69,1.12,1.53,2.44,,,3.06,4.07
AlAs,III-V,M_B,O,,,-0.99,-0.59,0.65,1.16,1.97,2.5,,,3.81,4.14
AlAs,III-V,M_i_A,Te,,,0.13,0.51,0.93,1.35,1.73,2.6,,,6.34,5.67
AlAs,III-V,M_i_A,Cl,,,-0.74,-0.46,-0.13,0.24,2.22,2.69,,,4.51,4.17
AlAs,III-V,M_i_B,C,,,-0.73,-0.72,1.19,1.19,1.2,1.2,,,7.19,6.98
AlAs,III-V,M_i_B,In,,,0.17,0.64,1.54,2.05,2.37,2.68,,,4.58,5.05
AlAs,III-V,M_i_neut,Sr,,,-0.55,1.32,1.78,2.12,2.43,2.72,,,4.72,5.93
AlAs,III-V,M_i_neut,Ru,,,-0.47,-0.1,0.36,1.07,1.41,2.5,,,5.31,4.21
AlSb,III-V,M_A,Fe,,,-0.88,-0.87,-0.1,0.4,1.07,1.77,,,1.01,-0.43
AlSb,III-V,M_A,Al,,,-0.79,-0.53,-0.16,1.34,1.67,1.96,,,0,0
AlSb,III-V,M_B,S,,,-0.82,-0.46,0.86,1.27,1.55,1.86,,,2.17,2.29
AlSb,III-V,M_B,Os,,,-0.86,-0.61,-0.35,-0.03,1.3,1.62,,,5.06,4.7
AlSb,III-V,M_i_A,La,,,0.27,0.66,0.97,1.34,1.66,1.9,,,3.83,4.25
AlSb,III-V,M_i_A,W,,,-0.44,-0.06,0.26,1.2,1.58,1.85,,,4.94,3.98
AlSb,III-V,M_i_B,Cu,,,-0.72,-0.35,0.87,1.32,1.62,1.95,,,1.2,0.81
AlSb,III-V,M_i_B,B,,,-0.67,-0.39,0.97,1.29,1.61,1.94,,,4.78,4.71
AlSb,III-V,M_i_neut,Na,,,-0.66,-0.3,1.18,1.51,1.8,2.08,,,3.32,3.52
AlSb,III-V,M_i_neut,F,,,0.97,1.26,1.55,1.89,3.35,3.69,,,2.59,2.46
GaN,III-V,M_A,Bi,,,-1.36,0.3,1.34,3.05,3.93,4.8,,,4.49,-1.65
GaN,III-V,M_A,Tl,,,-1.42,-0.83,-0.17,2.73,3.73,4.83,,,3.86,-2.27
GaN,III-V,M_B,Ag,,,-1.06,1.6,2.34,3.1,3.68,4.43,,,6.08,12.15
GaN,III-V,M_B,P,,,-1.21,-0.64,0.02,2.94,3.9,4.8,,,1.92,8.67
GaN,III-V,M_i_A,Ir,,,0.78,1.41,2.37,3.28,4.13,4.94,,,11.9,10.52
GaN,III-V,M_i_A,Be,,,-1.34,1.59,2.58,3.58,4.36,4.85,,,6.1,8.16
GaN,III-V,M_i_B,Mg,,,-1.34,1.68,2.67,3.71,4.5,5.12,,,5.07,6.17
GaN,III-V,M_i_B,Co,,,-1.32,-0.63,2.21,3.2,4.35,5.04,,,6.6,5.7
GaN,III-V,M_i_neut,Li,,,-1.57,-0.91,2.16,3.15,4.17,4.96,,,1.94,2.88
GaN,III-V,M_i_neut,Cd,,,-1.29,1.49,2.43,3.6,4.24,4.95,,,9.39,9.39
GaP,III-V,M_A,Ni,,,-1.03,-0.58,-0.13,0.39,1,1.62,,,0.86,0.24
GaP,III-V,M_A,Sn,,,-0.89,-0.44,1.47,1.88,2.27,2.66,,,1.85,1.1
GaP,III-V,M_B,Mg,,,0.03,0.37,0.79,1.12,1.6,1.98,,,3.82,5.59
GaP,III-V,M_B,Cu,,,-0.84,0.25,0.57,1.02,1.46,1.88,,,1.72,2.61
GaP,III-V,M_i_A,Cl,,,-0.82,-0.44,-0.12,0.23,2.11,2.54,,,5.65,5.33
GaP,III-V,M_i_A,Ba,,,-0.55,1.07,1.6,1.97,2.29,2.61,,,7.85,8.31
GaP,III-V,M_i_B,Pb,,,-0.53,1.34,1.75,2.12,2.43,2.71,,,6.81,6.81
GaP,III-V,M_i_B,Cd,,,-0.61,0.99,1.51,1.93,2.36,2.7,,,4.37,4.75
GaP,III-V,M_i_neut,Li,,,-0.93,-0.48,1.49,1.89,2.28,2.64,,,1.31,1.74
GaP,III-V,M_i_neut,Ti,,,0.2,0.67,1.31,1.72,2.07,2.46,,,1.9,2.8
GaAs,III-V,M_A,Si,,,-0.88,-0.53,0.62,1.21,1.46,1.68,,,1.26,0.8
GaAs,III-V,M_A,Hf,,,-0.84,-0.53,0.7,1.11,1.49,1.78,,,2.59,2.63
GaAs,III-V,M_B,La,,,-0.03,0.2,0.65,1,1.29,1.55,,,6.65,7.9
GaAs,III-V,M_B,N,,,-1,-0.78,-0.45,0.55,0.99,1.36,,,-3.2,-3.2
GaAs,III-V,M_i_A,F,,,-0.96,-0.69,-0.46,-0.11,1.1,1.71,,,2.12,1.89
GaAs,III-V,M_i_A,Tc,,,-0.6,-0.31,0.57,1,1.28,1.7,,,3.59,4.08
GaAs,III-V,M_i_B,Ag,,,-0.72,-0.35,0.74,1.34,1.6,1.81,,,2.27,2.2
GaAs,III-V,M_i_B,Pt,,,-0.67,-0.43,-0.08,0.83,1.39,1.67,,,3.81,3.54
GaAs,III-V,M_i_neut,Zn,,,-0.61,0.06,0.53,1.01,1.57,1.77,,,1.95,2.44
GaAs,III-V,M_i_neut,Sc,,,0.27,0.74,1.06,1.31,1.53,1.74,,,2.43,3.13
GaSb,III-V,M_A,Al,,,-0.67,-0.49,-0.18,0.49,1.05,1.21,,,0.03,0.01
GaSb,III-V,M_A,Se,,,-0.53,-0.31,0.37,0.73,1.01,1.23,,,3.01,2.33
GaSb,III-V,M_B,Ru,,,-0.83,-0.6,-0.42,-0.16,0.55,0.82,,,3.85,3.43
GaSb,III-V,M_B,S,,,-0.67,-0.37,0.2,0.65,0.9,1.09,,,1.64,1.64
GaSb,III-V,M_i_A,Rb,,,-0.49,-0.19,0.45,0.99,1.17,1.32,,,2.74,2.99
GaSb,III-V,M_i_A,Ir,,,-0.52,-0.2,0.03,0.38,0.65,1.05,,,4.14,4.12
GaSb,III-V,M_i_B,Os,,,-0.32,-0.07,0.2,0.43,0.6,0.77,,,6.04,5.04
GaSb,III-V,M_i_B,La,,,0.13,0.62,0.83,1.01,1.19,1.37,,,4.37,4.31
GaSb,III-V,M_i_neut,W,,,-0.26,0.01,0.32,0.54,0.81,0.81,,,5.42,5.42
GaSb,III-V,M_i_neut,Se,,,-0.38,0.09,0.33,0.63,0.71,0.72,,,3.61,3.27
InN,III-V,M_A,Sb,,,-0.95,0.27,0.92,1.76,2.16,2.64,,,0.93,-4.34
InN,III-V,M_A,Nb,,,-0.99,0.28,0.95,1.78,2.21,2.55,,,-2.55,-4.91
InN,III-V,M_B,Sr,,,1.29,1.59,2.04,2.35,2.69,3.02,,,8.58,15.86
InN,III-V,M_B,I,,,-0.44,0.86,1.5,2.36,2.71,2.98,,,3.23,8.13
InN,III-V,M_i_A,Li,,,-0.82,-0.43,0.83,1.47,2.36,2.74,,,1.2,2.36
InN,III-V,M_i_A,Pd,,,-0.49,0.29,0.85,1.4,1.94,2.85,,,5.59,4.43
InN,III-V,M_i_B,Zr,,,0.46,1.31,1.71,2.08,2.45,3.07,,,2.13,5.24
InN,III-V,M_i_B,Cs,,,-0.35,-0.35,1.03,1.68,2.6,2.99,,,9.81,11.06
InN,III-V,M_i_neut,In,,,0.12,0.73,1.58,1.97,2.44,2.81,,,4.52,4.7
InN,III-V,M_i_neut,Be,,,-0.87,0.4,1.05,1.94,2.33,2.65,,,0.18,2.24
InP,III-V,M_A,Bi,,,-0.57,-0.06,0.41,1.48,1.88,2.15,,,1.56,1.1
InP,III-V,M_A,Rb,,,-0.47,-0.23,0.13,0.59,0.9,1.97,,,3.77,3.82
InP,III-V,M_B,F,,,-0.59,0.47,0.56,1.32,1.61,1.92,,,2.08,2.38
InP,III-V,M_B,Ba,,,0.94,1.16,1.43,1.69,1.96,2.18,,,6.52,7.92
InP,III-V,M_i_A,Tc,,,0,0.09,1.01,1.45,1.66,1.99,,,4.83,6.22
InP,III-V,M_i_A,S,,,-0.43,-0.18,0.23,0.55,0.84,1.97,,,5.04,4.65
InP,III-V,M_i_B,Hf,,,0.83,1.11,1.41,1.68,1.91,2.19,,,5.15,5.79
InP,III-V,M_i_B,Cu,,,-0.62,-0.32,1.13,1.52,1.82,2.09,,,0.52,0.86
InP,III-V,M_i_neut,Ir,,,-0.06,0.23,0.56,0.98,1.69,2.03,,,3.82,5.17
InP,III-V,M_i_neut,Br,,,-0.19,0.12,0.2,0.2,1.74,2.14,,,4.88,4.51
InAs,III-V,M_A,Ca,,,-0.65,-0.43,-0.2,0.06,1.13,1.49,,,1.41,1.49
InAs,III-V,M_A,Al,,,-0.74,-0.52,-0.22,0.84,1.18,1.43,,,0.14,0.14
InAs,III-V,M_B,Li,,,-0.17,0.25,0.37,0.68,0.86,1.09,,,2.9,3.61
InAs,III-V,M_B,Zn,,,-0.13,0.04,0.22,0.49,0.75,0.97,,,1.43,2.42
InAs,III-V,M_i_A,Tl,,,-0.5,-0.18,0.83,1.18,1.46,1.75,,,2.17,2.17
InAs,III-V,M_i_A,Pb,,,-0.34,0.6,0.97,1.26,1.53,1.75,,,2.67,2.65
InAs,III-V,M_i_B,W,,,0.23,0.59,0.73,1,1.33,1.62,,,5.47,5.68
InAs,III-V,M_i_B,Ta,,,0.42,0.76,0.96,1.17,1.44,1.64,,,4.89,5.72
InAs,III-V,M_i_neut,Ba,,,-0.35,0.63,1,1.26,1.6,1.81,,,3.03,3.84
InAs,III-V,M_i_neut,Ni,,,-0.56,-0.21,0.16,0.93,1.24,1.51,,,-0.2,0.2
InSb,III-V,M_A,Ag,,,-0.72,-0.53,-0.23,-0.01,0.26,0.86,,,1.29,0.95
InSb,III-V,M_A,Pd,,,-0.71,-0.51,-0.26,0.11,0.34,0.61,,,2,1.59
InSb,III-V,M_B,Hf,,,-0.51,-0.33,-0.12,0.08,0.78,1.18,,,4.67,5.36
InSb,III-V,M_B,As,,,-0.66,-0.46,-0.19,0.51,0.92,1.14,,,0.09,0.09
InSb,III-V,M_i_A,Zr,,,-0.01,0.23,0.52,0.88,1.04,1.24,,,3.04,3.57
InSb,III-V,M_i_A,O,,,-0.67,-0.48,-0.29,-0.12,0.12,0.87,,,3.26,3.07
InSb,III-V,M_i_B,Pt,,,-0.46,-0.28,-0.03,0.47,0.91,1.17,,,2.77,2.79
InSb,III-V,M_i_B,Nb,,,0.19,0.31,0.48,0.76,1.04,1.23,,,3.91,4.4
InSb,III-V,M_i_neut,Se,,,-0.38,0.14,0.4,0.46,0.46,1.01,,,2.8,2.52
InSb,III-V,M_i_neut,Y,,,0.14,0.57,0.85,0.86,1.18,1.32,,,3.57,3.85
C,IV-IV,M_A,Br,,,-0.17,1.01,2.61,3.9,5.05,6.04,,,18.3,18.3
C,IV-IV,M_A,Mo,,,-1.98,-0.89,0.7,3.57,4.96,6.25,,,12.71,12.71
C,IV-IV,M_A,Re,,,-2.07,-1.14,1.28,2.92,5.52,6.59,,,13.01,13.02
C,IV-IV,M_A,Te,,,-1.69,2.62,3.72,4.61,5.66,6.53,,,20.36,20.36
C,IV-IV,M_A,Nb,,,-1.91,-1.06,1.74,3.42,5.44,6.41,,,14.65,14.65
C,IV-IV,M_i_A,F,,,-2.18,2.7,2.71,2.71,5.44,6.57,,,19.4,19.4
C,IV-IV,M_i_A,Co,,,-1.77,-0.89,2.9,3.55,5.39,6.43,,,18.49,18.49
C,IV-IV,M_i_A,Fe,,,-1.72,-0.02,1.31,3.34,4.47,6.33,,,13.11,13.11
C,IV-IV,M_i_A,Hg,,,-2.91,-2.91,-2.9,-2.9,-2.9,1.23,,,86.04,86.04
C,IV-IV,M_i_A,Cd,,,-1.33,2.77,3.8,3.8,3.81,3.81,,,34.68,34.68
C,IV-IV,M_i_neut,Ca,,,-1.37,1.28,2.31,2.31,6.71,6.72,,,28.7,28.7
C,IV-IV,M_i_neut,P,,,-1.57,-0.44,2.15,3.87,4.97,4.98,,,20.64,20.64
C,IV-IV,M_i_neut,Ga,,,0.49,1.84,2.59,2.59,2.6,5.9,,,26.73,26.73
C,IV-IV,M_i_neut,Ni,,,-1.65,-0.65,0.62,4.6,5.78,6.69,,,13.33,13.33
C,IV-IV,M_i_neut,Cs,,,-0.39,0.81,4.62,4.62,4.62,5.09,,,46.54,46.54
Si,IV-IV,M_A,O,,,-0.98,-0.62,-0.26,0.71,1.06,1.4,,,4.06,4.05
Si,IV-IV,M_A,Ti,,,-0.88,-0.62,-0.23,0.68,1.14,1.5,,,1.09,1.09
Si,IV-IV,M_A,Tl,,,-0.6,-0.35,-0.03,0.36,1.1,1.51,,,2.32,2.32
Si,IV-IV,M_A,Li,,,-0.71,-0.34,0.06,0.37,0.69,0.96,,,3.08,3.08
Si,IV-IV,M_A,Ge,,,-0.96,-0.68,-0.18,0.78,1.21,1.56,,,-0.08,-0.09
Si,IV-IV,M_i_A,Pb,,,-0.43,0.49,0.92,1.2,1.49,1.78,,,6.03,6.03
Si,IV-IV,M_i_A,Cl,,,-0.76,-0.46,-0.15,0.15,1.11,1.56,,,3.61,3.61
Si,IV-IV,M_i_A,C,,,-0.66,-0.28,0.2,0.52,0.89,1.28,,,6.36,6.36
Si,IV-IV,M_i_A,Be,,,-0.64,0.02,0.49,0.84,1.3,1.56,,,2.49,2.49
Si,IV-IV,M_i_A,W,,,-0.53,-0.22,0.12,0.72,1.21,1.45,,,3.15,3.15
Si,IV-IV,M_i_neut,Sr,,,-0.49,0.37,0.76,1.08,1.43,1.7,,,6.4,6.4
Si,IV-IV,M_i_neut,As,,,-0.86,-0.35,0.64,1.03,1.36,1.62,,,4.1,4.1
Si,IV-IV,M_i_neut,Mn,,,-0.67,-0.14,0.26,0.77,1.18,1.82,,,1,1
Si,IV-IV,M_i_neut,Cu,,,-0.8,-0.34,0.5,0.93,1.26,1.58,,,0.59,0.59
Si,IV-IV,M_i_neut,Ag,,,-0.76,-0.28,0.57,1.01,1.35,1.63,,,2.84,2.84
Ge,IV-IV,M_A,Se,,,-0.54,-0.25,0.19,0.5,0.8,0.99,,,1.34,1.34
Ge,IV-IV,M_A,Hf,,,-0.74,-0.55,-0.25,0.28,0.74,1.03,,,3.19,3.19
Ge,IV-IV,M_A,Au,,,-0.82,-0.62,-0.24,0.12,0.37,0.58,,,0.72,0.73
Ge,IV-IV,M_A,Y,,,-0.52,-0.38,-0.19,0.07,0.5,1.01,,,3.36,3.36
Ge,IV-IV,M_A,S,,,-0.57,-0.31,0.13,0.44,0.77,0.96,,,2.19,2.2
Ge,IV-IV,M_i_A,K,,,-0.59,-0.22,0.17,0.78,0.98,1.13,,,2.89,2.89
Ge,IV-IV,M_i_A,Mg,,,-0.42,-0.06,0.49,0.74,0.92,1.07,,,1.98,1.98
Ge,IV-IV,M_i_A,N,,,-0.76,-0.48,-0.2,-0.05,0.11,0.36,,,-0.76,-0.76
Ge,IV-IV,M_i_A,Sn,,,-0.34,0.03,0.62,0.8,0.99,1.17,,,3.74,3.74
Ge,IV-IV,M_i_A,Ta,,,-0.23,0.02,0.28,0.52,0.72,0.95,,,4.37,4.37
Ge,IV-IV,M_i_neut,La,,,-0.24,0.19,0.49,0.72,0.87,1.08,,,5.33,5.33
Ge,IV-IV,M_i_neut,Zn,,,-0.42,-0.1,0.27,0.61,0.84,1.06,,,2.05,2.05
Ge,IV-IV,M_i_neut,Zr,,,-0.28,0.11,0.36,0.6,0.86,1.03,,,5.1,5.1
Ge,IV-IV,M_i_neut,Pt,,,-0.62,-0.3,-0.01,0.32,0.84,1.02,,,2.35,2.35
Ge,IV-IV,M_i_neut,Na,,,-0.64,-0.25,0.13,0.75,0.93,1.09,,,3.88,3.88
Sn,IV-IV,M_A,Sb,,,-0.57,-0.31,-0.1,0.34,0.55,0.7,,,0.18,0.17
Sn,IV-IV,M_A,Cr,,,-0.64,-0.64,-0.34,-0.13,0.03,0.32,,,-1.35,-1.35
Sn,IV-IV,M_A,Be,,,-0.85,-0.63,-0.41,-0.27,0,0.21,,,1.11,1.1
Sn,IV-IV,M_A,Mn,,,-0.72,-0.56,-0.35,-0.11,0.09,1.47,,,-0.47,-0.47
Sn,IV-IV,M_A,Rb,,,-0.33,-0.12,0.2,0.44,0.6,0.68,,,2.91,2.9
Sn,IV-IV,M_i_A,Si,,,-0.36,-0.16,0.22,0.34,0.55,0.69,,,2.44,2.44
Sn,IV-IV,M_i_A,Co,,,-0.54,-0.3,-0.1,0.2,0.49,0.66,,,2.39,2.39
Sn,IV-IV,M_i_A,Ca,,,-0.33,-0.12,0.34,0.5,0.67,0.82,,,1.29,1.29
Sn,IV-IV,M_i_A,Mo,,,-0.55,-0.21,0.03,0.34,0.55,0.7,,,3.66,3.66
Sn,IV-IV,M_i_A,N,,,-0.64,-0.46,-0.26,-0.12,-0.01,0.22,,,-2,-2
Sn,IV-IV,M_i_neut,Rh,,,-0.58,-0.3,-0.03,0.07,0.32,0.64,,,2.45,2.45
Sn,IV-IV,M_i_neut,Sn,,,-0.38,-0.16,0.07,0.36,0.54,0.74,,,2.4,2.4
Sn,IV-IV,M_i_neut,Ge,,,-0.49,-0.21,0,0.22,0.56,0.74,,,2.08,2.08
Sn,IV-IV,M_i_neut,I,,,-0.28,-0.1,0.14,0.36,0.55,0.77,,,3.55,3.55
Sn,IV-IV,M_i_neut,Bi,,,-0.46,-0.16,0.07,0.49,0.68,0.83,,,2.43,2.43
SiC,IV-IV,M_A,Bi,,,-1.35,-0.69,1.61,2.48,3.2,3.75,,,5.91,5.49
SiC,IV-IV,M_A,Os,,,-1.22,-0.2,0.71,1.91,2.76,3.43,,,5.11,4.27
SiC,IV-IV,M_A,Rb,,,-0.73,-0.18,0.77,1.76,2.54,3.17,,,10.95,10.49
SiC,IV-IV,M_A,Ge,,,-1.51,-0.91,-0.25,2.02,2.98,3.7,,,1.29,0.88
SiC,IV-IV,M_A,V,,,-1.52,-0.91,0.96,1.82,2.68,3.49,,,-0.46,-0.53
SiC,IV-IV,M_B,Sc,,,0.32,1.21,1.79,2.36,2.98,3.86,,,10.4,10.4
SiC,IV-IV,M_B,Sb,,,-0.49,0.02,1.79,2.57,3.22,3.97,,,6.97,7.39
SiC,IV-IV,M_B,Rh,,,-1.08,-0.54,1.91,2.5,3.07,3.95,,,5.27,5.27
SiC,IV-IV,M_B,I,,,0.64,1.42,2.02,2.86,3.41,3.79,,,8.78,9.2
SiC,IV-IV,M_B,Pd,,,-1.07,1.34,1.87,2.48,3.17,3.87,,,5.76,5.76
SiC,IV-IV,M_i_A,Ru,,,-1.04,1.14,2.02,2.46,3.07,3.81,,,9.27,8.85
SiC,IV-IV,M_i_A,Ba,,,0.5,1.75,1.78,3.05,3.52,4.16,,,23.54,23.26
SiC,IV-IV,M_i_A,B,,,-0.41,0.34,1.79,2.53,3.26,3.69,,,8.01,8.04
SiC,IV-IV,M_i_A,Tc,,,-0.77,-0.15,1.7,2.53,3.12,3.67,,,8.61,8.19
SiC,IV-IV,M_i_A,In,,,0.71,1.69,2.46,2.91,3.43,3.9,,,15.96,15.96
SiC,IV-IV,M_i_B,Cr,,,-0.49,0.18,1.36,2.1,2.71,3.34,,,2.93,2.52
SiC,IV-IV,M_i_B,Ir,,,-0.81,-0.81,1.17,1.18,3.18,3.96,,,10.32,9.91
SiC,IV-IV,M_i_B,Al,,,0.33,1.3,2.04,2.45,3.12,3.66,,,6.95,7.11
SiC,IV-IV,M_i_B,V,,,-0.01,0.64,1.3,2.1,2.85,3.43,,,3.71,4.06
SiC,IV-IV,M_i_B,La,,,0.78,1.66,2.34,2.79,3.36,3.87,,,19.97,19.55
SiC,IV-IV,M_i_neut,Br,,,-0.07,2.46,2.46,2.47,2.84,3.7,,,15.8,15.8
SiC,IV-IV,M_i_neut,Te,,,0.92,0.93,2.32,2.33,3.34,4.09,,,18.98,18.98
SiC,IV-IV,M_i_neut,Cs,,,0.48,1.58,1.58,1.58,1.58,3.34,,,23.46,23.34
SiC,IV-IV,M_i_neut,Zn,,,-1.19,1.01,2.05,2.53,3.16,3.73,,,7.16,7.16
SiC,IV-IV,M_i_neut,Fe,,,-1.38,0.08,0.79,1.64,2.15,3.65,,,3.48,3.06
GeC,IV-IV,M_A,Ga,,,-1.47,-0.92,-0.43,0.22,2.59,3.38,,,0.84,2.8
GeC,IV-IV,M_A,W,,,-1.29,0.08,0.82,2,2.71,3.29,,,3.3,4.43
GeC,IV-IV,M_A,Ba,,,-1.02,-0.29,0.49,1.12,1.72,3.17,,,11.79,13.15
GeC,IV-IV,M_A,Rh,,,-1.43,-0.86,0.85,1.53,2.21,2.93,,,3.48,7.07
GeC,IV-IV,M_A,Cr,,,-1.37,-0.79,-0.21,1.77,2.4,3.03,,,-1.85,-1.15
GeC,IV-IV,M_B,Bi,,,-0.69,-0.13,1.8,2.43,2.93,3.71,,,7.39,6.64
GeC,IV-IV,M_B,Li,,,0.02,0.47,1.78,1.79,1.83,2.54,,,9.95,6.9
GeC,IV-IV,M_B,Nb,,,-0.68,-0.22,0.82,1.57,2.69,3.26,,,10.68,10.79
GeC,IV-IV,M_B,Au,,,0.22,0.79,1.4,2.02,2.61,3.11,,,5.68,6.21
GeC,IV-IV,M_B,B,,,-1.31,-0.8,-0.33,0.29,2.59,3.38,,,3.9,0.79
GeC,IV-IV,M_i_A,Mo,,,-0.26,0.38,0.98,2.21,2.99,3.32,,,9.41,10.49
GeC,IV-IV,M_i_A,Sn,,,0.26,1.51,2.19,2.57,2.91,3.49,,,14.92,15.98
GeC,IV-IV,M_i_A,S,,,-0.16,0.31,1.08,1.63,2.15,3.27,,,12.86,13.6
GeC,IV-IV,M_i_A,Sb,,,1.08,1.77,2.19,2.51,2.98,3.6,,,16.71,17.62
GeC,IV-IV,M_i_A,Se,,,0.35,0.83,1.49,2.03,2.55,3.35,,,14.65,15.4
GeC,IV-IV,M_i_B,Al,,,0.7,1.54,2.01,2.45,2.91,3.4,,,8.18,8.64
GeC,IV-IV,M_i_B,Ru,,,-0.56,0.07,0.64,1.25,1.87,3.47,,,8.54,9.65
GeC,IV-IV,M_i_B,Cd,,,-0.89,1.43,2.23,2.67,3.15,3.6,,,11.12,12.21
GeC,IV-IV,M_i_B,N,,,-2.69,-2.68,1.64,1.65,1.65,3.53,,,4.53,4.84
GeC,IV-IV,M_i_B,F,,,-1.34,-0.81,-0.32,0.24,2.67,3.46,,,6.8,7.33
GeC,IV-IV,M_i_neut,Pb,,,-0.53,1.3,1.96,2.45,2.95,3.43,,,16.56,16.63
GeC,IV-IV,M_i_neut,Re,,,-0.68,1.1,1.14,1.75,1.95,3,,,9.81,10.88
GeC,IV-IV,M_i_neut,Cl,,,-1.3,1.68,1.68,1.69,2.7,3.45,,,12.58,12.76
GeC,IV-IV,M_i_neut,O,,,-1.36,-0.84,-0.29,0.2,0.71,3.04,,,7.14,7.52
GeC,IV-IV,M_i_neut,Mn,,,-0.94,0.56,1.17,1.91,2.56,3,,,3.33,4.48
SnC,IV-IV,M_A,As,,,-1.05,-0.6,1.08,1.63,2.04,2.39,,,1.53,6.83
SnC,IV-IV,M_A,Pb,,,-0.98,-0.66,-0.2,1.52,2.17,2.51,,,1.46,7.28
SnC,IV-IV,M_A,Cs,,,-0.73,-0.64,0.23,0.97,1.41,4.16,,,7.3,13.11
SnC,IV-IV,M_A,Cr,,,-1.02,-0.51,-0.16,1.2,1.72,2.77,,,-1.6,0.95
SnC,IV-IV,M_A,Be,,,-1.19,-0.82,-0.4,-0.07,0.41,2.01,,,3.07,3.83
SnC,IV-IV,M_B,Te,,,-0.39,1.14,1.57,1.91,2.44,2.68,,,5.17,7.36
SnC,IV-IV,M_B,Ba,,,0.9,1.18,1.44,1.72,2.07,2.36,,,20.06,18.29
SnC,IV-IV,M_B,Re,,,-1.11,-0.26,0.51,0.95,2.02,2.51,,,8.67,7.01
SnC,IV-IV,M_B,La,,,0.55,1.04,1.44,1.76,2.15,2.44,,,13.65,15.43
SnC,IV-IV,M_B,Nb,,,-0.36,-0.04,0.6,1.1,1.97,2.55,,,10.67,10.15
SnC,IV-IV,M_i_A,Se,,,0.52,0.52,0.62,1.47,1.85,2.45,,,10.6,14.08
SnC,IV-IV,M_i_A,I,,,0.69,0.78,0.84,1.59,2.31,2.87,,,14.81,15.56
SnC,IV-IV,M_i_A,Fe,,,-0.7,0.24,0.63,1.62,2.22,2.53,,,3.65,5.93
SnC,IV-IV,M_i_A,Sn,,,0.01,1.26,1.73,2.06,2.37,2.55,,,10.42,10.42
SnC,IV-IV,M_i_A,Ir,,,0.19,0.7,1.33,1.84,2.19,2.61,,,10.98,14.85
SnC,IV-IV,M_i_B,C,,,-0.28,-0.28,1.23,1.24,2,2.58,,,7.36,7.36
SnC,IV-IV,M_i_B,Si,,,0.48,0.93,1.51,1.81,2.15,2.46,,,8.24,9.56
SnC,IV-IV,M_i_B,Pd,,,-0.74,-0.39,0.04,1.65,2.23,2.63,,,4.41,10.44
SnC,IV-IV,M_i_B,Mg,,,-0.76,0.91,1.6,1.92,2.24,2.57,,,5.4,11.1
SnC,IV-IV,M_i_B,Ta,,,0.67,1.02,1.39,1.67,2.11,2.48,,,9.18,9.59
SnC,IV-IV,M_i_neut,Na,,,-0.86,-0.4,1.27,1.89,2.23,2.51,,,7.88,14.78
SnC,IV-IV,M_i_neut,W,,,0.14,0.37,0.99,1.64,2.16,2.32,,,8.32,6.81
SnC,IV-IV,M_i_neut,S,,,-0.69,-0.12,0.7,0.7,3.37,3.38,,,8.56,11.77
SnC,IV-IV,M_i_neut,Cd,,,-0.67,0.98,1.61,1.98,2.31,2.62,,,6.92,11.19
SnC,IV-IV,M_i_neut,Br,,,-0.84,1.42,1.42,1.43,2.03,2.6,,,10.52,11.27
SiGe,IV-IV,M_A,Co,,,-0.92,-0.69,-0.22,0.18,0.52,0.91,,,3.46,3.65
SiGe,IV-IV,M_A,Sc,,,-0.76,-0.53,-0.24,0.12,1.03,1.41,,,1.59,1.55
SiGe,IV-IV,M_A,Hf,,,-0.86,-0.6,-0.21,0.76,1.16,1.45,,,3.43,3.62
SiGe,IV-IV,M_A,Ca,,,-0.62,-0.12,0.14,0.48,0.75,1.24,,,3.67,3.58
SiGe,IV-IV,M_A,In,,,-0.8,-0.51,-0.22,0.19,1.01,1.41,,,0.74,0.84
SiGe,IV-IV,M_B,Rb,,,-0.25,0.04,0.44,0.55,0.73,1.1,,,5.45,5.26
SiGe,IV-IV,M_B,Ag,,,-0.85,-0.58,-0.11,0.3,0.69,0.99,,,2.13,2.04
SiGe,IV-IV,M_B,I,,,-0.32,0.13,0.56,0.97,1.26,1.53,,,4.36,4.22
SiGe,IV-IV,M_B,Pt,,,-0.92,-0.51,-0.14,0.27,0.8,1.1,,,1.37,1.37
SiGe,IV-IV,M_B,Ti,,,-0.94,-0.67,-0.27,0.5,0.95,1.3,,,1.1,1.1
SiGe,IV-IV,M_i_A,Mg,,,-0.56,0.26,0.68,0.99,1.32,1.58,,,2.63,2.58
SiGe,IV-IV,M_i_A,Zr,,,-0.18,0.13,0.51,0.81,1.08,1.28,,,4.13,4.1
SiGe,IV-IV,M_i_A,Tc,,,-0.65,-0.33,0.22,0.63,1.03,1.38,,,3.47,3.57
SiGe,IV-IV,M_i_A,Be,,,-0.6,-0.09,0.34,0.81,1.21,1.52,,,2.59,2.59
SiGe,IV-IV,M_i_A,Tl,,,-0.63,-0.21,0.75,1.12,1.43,1.68,,,4.81,4.81
SiGe,IV-IV,M_i_B,C,,,-1.23,-1.23,1.35,1.36,1.36,1.36,,,6.93,7.03
SiGe,IV-IV,M_i_B,Ge,,,-0.54,0.29,0.7,0.94,1.2,1.46,,,3.94,4
SiGe,IV-IV,M_i_B,As,,,-0.25,0.08,0.52,0.79,1.03,1.31,,,4.86,4.96
SiGe,IV-IV,M_i_B,K,,,-0.75,-0.29,0.61,1.03,1.34,1.59,,,4.2,4.11
SiGe,IV-IV,M_i_B,P,,,-0.42,-0.05,0.41,0.72,0.9,1.22,,,4.78,4.88
SiGe,IV-IV,M_i_neut,Si,,,-0.58,0.2,0.24,0.83,1.19,1.44,,,3.69,3.63
SiGe,IV-IV,M_i_neut,Ta,,,-0.29,0.04,0.59,0.59,0.6,1.37,,,6.03,5.84
SiGe,IV-IV,M_i_neut,Hg,,,-0.53,-0.21,0.2,0.9,1.31,1.59,,,3.54,3.54
SiGe,IV-IV,M_i_neut,Ni,,,-0.85,-0.45,-0.08,0.7,1.11,1.3,,,-0.04,0.06
SiGe,IV-IV,M_i_neut,Pd,,,-0.82,-0.51,-0.1,0.75,1.17,1.5,,,1.75,1.85
SiSn,IV-IV,M_A,Sb,,,-0.75,-0.34,0.44,0.8,1.15,1.35,,,1.02,0.49
SiSn,IV-IV,M_A,B,,,-1.01,-0.73,-0.47,-0.08,0.69,1.06,,,0.96,1.31
SiSn,IV-IV,M_A,Bi,,,-0.71,-0.31,0.43,0.78,1.11,1.34,,,1.25,0.84
SiSn,IV-IV,M_A,Mn,,,-1.25,-1.24,-0.25,0.94,0.94,0.95,,,0.41,1.1
SiSn,IV-IV,M_A,Ag,,,-0.68,-0.49,-0.05,0.28,0.59,0.83,,,1.59,1.35
SiSn,IV-IV,M_B,Y,,,-0.76,-0.54,-0.29,0.03,0.87,1.19,,,3.94,2.95
SiSn,IV-IV,M_B,Ca,,,-0.71,-0.39,-0.11,0.13,0.45,1.07,,,4.54,3.17
SiSn,IV-IV,M_B,Rh,,,-0.93,-0.64,-0.24,0.05,0.42,0.8,,,3.23,2.13
SiSn,IV-IV,M_B,Li,,,-0.88,-0.69,-0.36,-0.07,0.15,0.52,,,3.82,2.67
SiSn,IV-IV,M_B,Hg,,,-0.89,-0.64,-0.26,-0.04,0.38,0.99,,,2.35,1.23
SiSn,IV-IV,M_i_A,Tc,,,-0.55,-0.26,0.07,0.33,0.75,1.14,,,3.66,4.01
SiSn,IV-IV,M_i_A,Ni,,,-0.73,-0.52,-0.11,0.49,0.86,1.17,,,0.11,0.45
SiSn,IV-IV,M_i_A,Zn,,,-0.59,-0.33,0.05,0.63,1,1.35,,,1.51,0.94
SiSn,IV-IV,M_i_A,Mo,,,-0.39,-0.15,0.11,0.5,0.85,1.13,,,3.49,3.78
SiSn,IV-IV,M_i_A,Sr,,,-0.47,0.27,0.62,1.01,1.25,1.45,,,4.47,3.14
SiSn,IV-IV,M_i_B,Al,,,-0.57,-0.27,0.5,0.89,1.15,1.4,,,2.47,2.47
SiSn,IV-IV,M_i_B,Pt,,,-0.7,-0.48,-0.08,0.48,0.81,1.17,,,4.33,3.24
SiSn,IV-IV,M_i_B,In,,,-0.54,-0.22,0.55,0.93,1.21,1.46,,,3.94,2.79
SiSn,IV-IV,M_i_B,O,,,-0.82,-0.64,-0.36,-0.15,0.2,0.98,,,4.32,4.67
SiSn,IV-IV,M_i_B,As,,,-0.36,0.04,0.4,0.69,0.99,1.19,,,4.39,4.27
SiSn,IV-IV,M_i_neut,Rb,,,-0.52,-0.17,0.47,0.48,0.48,1.51,,,5.96,4.99
SiSn,IV-IV,M_i_neut,K,,,-0.59,-0.22,0.51,0.51,0.52,1.46,,,4.86,4.05
SiSn,IV-IV,M_i_neut,Tl,,,-0.64,-0.22,0.73,0.73,1.25,1.46,,,4.87,4.12
SiSn,IV-IV,M_i_neut,Sc,,,-0.09,0.25,1,1,1.05,1.33,,,2.69,2.62
SiSn,IV-IV,M_i_neut,Ru,,,-0.66,-0.34,-0.04,0.27,0.55,0.97,,,3.41,3.75
GeSn,IV-IV,M_A,Na,,,-0.34,-0.2,0.15,0.34,0.53,0.62,,,4.47,4.28
GeSn,IV-IV,M_A,Ir,,,-0.59,-0.36,-0.12,0.12,0.33,0.55,,,2.2,2.15
GeSn,IV-IV,M_A,Os,,,-0.62,-0.44,-0.19,0.13,0.36,0.57,,,2.85,3.02
GeSn,IV-IV,M_A,Cu,,,-0.66,-0.45,-0.26,0.05,0.22,0.38,,,0.04,0.04
GeSn,IV-IV,M_A,Sr,,,-0.2,0.14,0.36,0.49,0.7,0.83,,,3.81,3.68
GeSn,IV-IV,M_B,Y,,,-0.53,-0.36,-0.2,0.06,0.41,0.9,,,2.42,2.44
GeSn,IV-IV,M_B,N,,,-0.66,-0.47,-0.22,-0.06,0.24,0.5,,,-1.78,-1.79
GeSn,IV-IV,M_B,Ge,,,-0.57,-0.4,-0.1,0.14,0.67,0.87,,,0.17,0.11
GeSn,IV-IV,M_B,V,,,-0.69,-0.69,-0.3,0.13,0.14,0.61,,,-0.94,-0.89
GeSn,IV-IV,M_B,Cl,,,-0.4,-0.2,0.11,0.32,0.61,0.88,,,3.8,3.71
GeSn,IV-IV,M_i_A,Au,,,-0.43,-0.14,0.05,0.38,0.66,0.91,,,1.81,1.62
GeSn,IV-IV,M_i_A,P,,,-0.3,-0.11,0.24,0.41,0.56,0.72,,,2.89,2.82
GeSn,IV-IV,M_i_A,F,,,-0.66,-0.41,-0.23,0.06,0.34,0.86,,,1.79,1.76
GeSn,IV-IV,M_i_A,Cu,,,-0.48,-0.16,0.03,0.44,0.72,0.89,,,0.23,0.18
GeSn,IV-IV,M_i_A,Os,,,-0.3,0.02,0.07,0.2,0.52,0.72,,,4.38,4.5
GeSn,IV-IV,M_i_B,Ti,,,-0.22,0.02,0.29,0.61,0.81,0.95,,,0.51,0.62
GeSn,IV-IV,M_i_B,Co,,,-0.46,-0.16,0.06,0.45,0.75,0.91,,,2.77,2.88
GeSn,IV-IV,M_i_B,Zr,,,-0.05,0.19,0.43,0.64,0.83,0.92,,,3.71,3.82
GeSn,IV-IV,M_i_B,Hf,,,0,0.25,0.49,0.66,0.84,0.96,,,3.99,4.1
GeSn,IV-IV,M_i_B,Ga,,,-0.4,-0.09,0.17,0.67,0.86,1.02,,,1.29,1.29
GeSn,IV-IV,M_i_neut,Ru,,,-0.39,-0.19,0.03,0.26,0.48,0.73,,,3.29,3.37
GeSn,IV-IV,M_i_neut,Sc,,,-0.16,0.25,0.59,0.59,1.15,1.15,,,1.61,1.72
GeSn,IV-IV,M_i_neut,Tl,,,0.15,0.16,0.16,0.16,0.87,1.04,,,3.13,3.13
GeSn,IV-IV,M_i_neut,K,,,-0.35,-0.07,0.19,0.52,0.52,0.53,,,3.13,3.01
GeSn,IV-IV,M_i_neut,Rb,,,-0.27,-0.02,0.23,0.24,0.25,1.08,,,3.94,3.82
CdSe,II-VI,M_A,Li,,,,,,,,,,,1.48,0.77
CdSe,II-VI,M_A,Na,,,,,,,,,,,3.46,2.88
CdSe,II-VI,M_A,K,,,,,,,,,,,1.94,1.65
CdSe,II-VI,M_A,Rb,,,,,,,,,,,2.16,1.96
CdSe,II-VI,M_A,Cs,,,,,,,,,,,2.51,2.4
CdSe,II-VI,M_A,Be,,,,,,,,,,,0.49,0.54
CdSe,II-VI,M_A,Mg,,,,,,,,,,,0.11,0.12
CdSe,II-VI,M_A,Ca,,,,,,,,,,,0.71,0.73
CdSe,II-VI,M_A,Sr,,,,,,,,,,,0.9,0.91
CdSe,II-VI,M_A,Ba,,,,,,,,,,,1.07,1.14
CdSe,II-VI,M_A,B,,,,,,,,,,,2.95,1.67
CdSe,II-VI,M_A,Al,,,,,,,,,,,0.13,0.79
CdSe,II-VI,M_A,Ga,,,,,,,,,,,0.56,0.85
CdSe,II-VI,M_A,In,,,,,,,,,,,1.25,0.76
CdSe,II-VI,M_A,Si,,,,,,,,,,,2.14,2.19
CdSe,II-VI,M_A,Ge,,,,,,,,,,,1.35,0.98
CdSe,II-VI,M_A,Sn,,,,,,,,,,,1.07,0.97
CdSe,II-VI,M_A,N,,,,,,,,,,,6,4.51
CdSe,II-VI,M_A,P,,,,,,,,,,,3.61,2.19
CdSe,II-VI,M_A,As,,,,,,,,,,,3.1,1.57
CdSe,II-VI,M_A,Sb,,,,,,,,,,,2.5,1.56
CdSe,II-VI,M_A,Bi,,,,,,,,,,,1.76,1.44
CdSe,II-VI,M_A,O,,,,,,,,,,,6.73,4.23
CdSe,II-VI,M_A,S,,,,,,,,,,,5.65,3.09
CdSe,II-VI,M_A,Te,,,,,,,,,,,4.66,2.26
CdSe,II-VI,M_A,F,,,,,,,,,,,6.13,4.21
CdSe,II-VI,M_A,Cl,,,,,,,,,,,5.43,3.51
CdSe,II-VI,M_A,Br,,,,,,,,,,,5.17,3.24
CdSe,II-VI,M_A,I,,,,,,,,,,,4.92,3
CdSe,II-VI,M_A,Sc,,,,,,,,,,,0.88,1.54
CdSe,II-VI,M_A,Ti,,,,,,,,,,,1.43,2.37
CdSe,II-VI,M_A,V,,,,,,,,,,,1.27,2.08
CdSe,II-VI,M_A,Cr,,,,,,,,,,,1.04,1.67
CdSe,II-VI,M_A,Mn,,,,,,,,,,,0.07,0.26
CdSe,II-VI,M_A,Fe,,,,,,,,,,,0.96,1.45
CdSe,II-VI,M_A,Co,,,,,,,,,,,4.33,4.66
CdSe,II-VI,M_A,Ni,,,,,,,,,,,2.45,1.64
CdSe,II-VI,M_A,Zn,,,,,,,,,,,0.26,0.27
CdSe,II-VI,M_A,Y,,,,,,,,,,,1.01,1.66
CdSe,II-VI,M_A,Zr,,,,,,,,,,,1.67,3.16
CdSe,II-VI,M_A,Nb,,,,,,,,,,,2,3.06
CdSe,II-VI,M_A,Mo,,,,,,,,,,,3.27,3.91
CdSe,II-VI,M_A,Tc,,,,,,,,,,,3.24,1.97
CdSe,II-VI,M_A,Rh,,,,,,,,,,,2.79,3.34
CdSe,II-VI,M_A,Pd,,,,,,,,,,,3.24,1.76
CdSe,II-VI,M_A,Ag,,,,,,,,,,,2.29,0.77
CdSe,II-VI,M_A,Cd,,,,,,,,,,,0,0
CdSe,II-VI,M_A,La,,,,,,,,,,,1.31,2.16
CdSe,II-VI,M_A,Hf,,,,,,,,,,,0.39,0.34
CdSe,II-VI,M_A,Ta,,,,,,,,,,,2.47,1.33
CdSe,II-VI,M_A,W,,,,,,,,,,,4.24,2.97
CdSe,II-VI,M_A,Re,,,,,,,,,,,4.38,3.11
CdSe,II-VI,M_A,Os,,,,,,,,,,,4.53,3.26
CdSe,II-VI,M_A,Ir,,,,,,,,,,,3.45,2.6
CdSe,II-VI,M_A,Pt,,,,,,,,,,,3.55,2.58
CdSe,II-VI,M_A,Au,,,,,,,,,,,3.36,1.16
CdSe,II-VI,M_A,Hg,,,,,,,,,,,1.38,0.15
CdSe,II-VI,M_B,Li,,,,,,,,,,,3.64,5.5
CdSe,II-VI,M_B,Na,,,,,,,,,,,5.2,7.18
CdSe,II-VI,M_B,K,,,,,,,,,,,3.46,5.73
CdSe,II-VI,M_B,Rb,,,,,,,,,,,3.22,5.58
CdSe,II-VI,M_B,Cs,,,,,,,,,,,2.96,5.42
CdSe,II-VI,M_B,Be,,,,,,,,,,,4.04,6.66
CdSe,II-VI,M_B,Mg,,,,,,,,,,,3.82,6.4
CdSe,II-VI,M_B,Sr,,,,,,,,,,,5.71,8.29
CdSe,II-VI,M_B,Ba,,,,,,,,,,,5.94,8.58
CdSe,II-VI,M_B,B,,,,,,,,,,,4.42,5.71
CdSe,II-VI,M_B,Al,,,,,,,,,,,2.88,6.1
CdSe,II-VI,M_B,Ga,,,,,,,,,,,2.25,5.1
CdSe,II-VI,M_B,In,,,,,,,,,,,2.97,5.04
CdSe,II-VI,M_B,Tl,,,,,,,,,,,2.52,4.35
CdSe,II-VI,M_B,C,,,,,,,,,,,5.22,6.51
CdSe,II-VI,M_B,Sn,,,,,,,,,,,2,4.47
CdSe,II-VI,M_B,Pb,,,,,,,,,,,2.22,4.77
CdSe,II-VI,M_B,N,,,,,,,,,,,2.17,3.25
CdSe,II-VI,M_B,P,,,,,,,,,,,1.19,2.33
CdSe,II-VI,M_B,As,,,,,,,,,,,1.34,2.37
CdSe,II-VI,M_B,Sb,,,,,,,,,,,1.29,2.92
CdSe,II-VI,M_B,Bi,,,,,,,,,,,1.35,3.59
CdSe,II-VI,M_B,O,,,,,,,,,,,0.82,0.89
CdSe,II-VI,M_B,S,,,,,,,,,,,0.22,0.22
CdSe,II-VI,M_B,Se,,,,,,,,,,,0,0
CdSe,II-VI,M_B,Te,,,,,,,,,,,0.25,0.42
CdSe,II-VI,M_B,F,,,,,,,,,,,1.3,1.94
CdSe,II-VI,M_B,Cl,,,,,,,,,,,0.58,1.23
CdSe,II-VI,M_B,Br,,,,,,,,,,,0.5,1.15
CdSe,II-VI,M_B,I,,,,,,,,,,,0.51,1.16
CdSe,II-VI,M_B,Sc,,,,,,,,,,,6.1,9.33
CdSe,II-VI,M_B,Ti,,,,,,,,,,,5.93,9.43
CdSe,II-VI,M_B,V,,,,,,,,,,,4.75,8.12
CdSe,II-VI,M_B,Cr,,,,,,,,,,,3.68,6.88
CdSe,II-VI,M_B,Mn,,,,,,,,,,,3.51,6.27
CdSe,II-VI,M_B,Fe,,,,,,,,,,,3.34,6.4
CdSe,II-VI,M_B,Co,,,,,,,,,,,5.04,7.94
CdSe,II-VI,M_B,Ni,,,,,,,,,,,3.23,4.98
CdSe,II-VI,M_B,Cu,,,,,,,,,,,3.2,4.32
CdSe,II-VI,M_B,Zn,,,,,,,,,,,2.64,5.22
CdSe,II-VI,M_B,Y,,,,,,,,,,,6.74,9.96
CdSe,II-VI,M_B,Zr,,,,,,,,,,,6.71,10.77
CdSe,II-VI,M_B,Nb,,,,,,,,,,,6.2,9.82
CdSe,II-VI,M_B,Mo,,,,,,,,,,,6.22,9.43
CdSe,II-VI,M_B,Tc,,,,,,,,,,,5.8,7.09
CdSe,II-VI,M_B,Ru,,,,,,,,,,,4.79,7.32
CdSe,II-VI,M_B,Rh,,,,,,,,,,,3.75,6.87
CdSe,II-VI,M_B,Pd,,,,,,,,,,,2.41,3.5
CdSe,II-VI,M_B,Ag,,,,,,,,,,,2.32,3.36
CdSe,II-VI,M_B,La,,,,,,,,,,,7.19,10.6
CdSe,II-VI,M_B,Ta,,,,,,,,,,,7.42,8.85
CdSe,II-VI,M_B,W,,,,,,,,,,,8.29,9.58
CdSe,II-VI,M_B,Re,,,,,,,,,,,6.98,8.27
CdSe,II-VI,M_B,Ir,,,,,,,,,,,4.07,5.79
CdSe,II-VI,M_B,Pt,,,,,,,,,,,2.21,3.81
CdSe,II-VI,M_B,Au,,,,,,,,,,,2.35,2.72
CdSe,II-VI,M_B,Hg,,,,,,,,,,,2.26,3.59
CdSe,II-VI,M_i_A,Li,,,,,,,,,,,0.98,1.55
CdSe,II-VI,M_i_A,Na,,,,,,,,,,,2.77,3.46
CdSe,II-VI,M_i_A,Rb,,,,,,,,,,,2.12,3.2
CdSe,II-VI,M_i_A,Cs,,,,,,,,,,,2.73,3.9
CdSe,II-VI,M_i_A,Be,,,,,,,,,,,3.54,4.87
CdSe,II-VI,M_i_A,Mg,,,,,,,,,,,2.3,3.59
CdSe,II-VI,M_i_A,Ca,,,,,,,,,,,2.31,3.6
CdSe,II-VI,M_i_A,Sr,,,,,,,,,,,2.61,3.9
CdSe,II-VI,M_i_A,Ba,,,,,,,,,,,3.26,4.6
CdSe,II-VI,M_i_A,B,,,,,,,,,,,5.24,5.24
CdSe,II-VI,M_i_A,Al,,,,,,,,,,,2.52,4.46
CdSe,II-VI,M_i_A,Ga,,,,,,,,,,,1.64,3.2
CdSe,II-VI,M_i_A,In,,,,,,,,,,,2.71,3.49
CdSe,II-VI,M_i_A,Tl,,,,,,,,,,,2.04,2.57
CdSe,II-VI,M_i_A,C,,,,,,,,,,,6.99,6.99
CdSe,II-VI,M_i_A,Si,,,,,,,,,,,3.8,5.13
CdSe,II-VI,M_i_A,Ge,,,,,,,,,,,2.99,3.9
CdSe,II-VI,M_i_A,Sn,,,,,,,,,,,2.79,3.97
CdSe,II-VI,M_i_A,Pb,,,,,,,,,,,2.61,3.86
CdSe,II-VI,M_i_A,N,,,,,,,,,,,4.51,4.3
CdSe,II-VI,M_i_A,P,,,,,,,,,,,4.1,3.95
CdSe,II-VI,M_i_A,As,,,,,,,,,,,4.08,3.82
CdSe,II-VI,M_i_A,Sb,,,,,,,,,,,4.22,4.56
CdSe,II-VI,M_i_A,O,,,,,,,,,,,4,2.78
CdSe,II-VI,M_i_A,S,,,,,,,,,,,4.4,3.11
CdSe,II-VI,M_i_A,Te,,,,,,,,,,,4.89,3.77
CdSe,II-VI,M_i_A,Cl,,,,,,,,,,,3.08,2.44
CdSe,II-VI,M_i_A,Br,,,,,,,,,,,3.63,2.98
CdSe,II-VI,M_i_A,I,,,,,,,,,,,4.51,3.86
CdSe,II-VI,M_i_A,Sc,,,,,,,,,,,3.36,5.3
CdSe,II-VI,M_i_A,Ti,,,,,,,,,,,3.36,5.58
CdSe,II-VI,M_i_A,V,,,,,,,,,,,2.96,5.04
CdSe,II-VI,M_i_A,Cr,,,,,,,,,,,2.1,4.01
CdSe,II-VI,M_i_A,Mn,,,,,,,,,,,2.24,3.71
CdSe,II-VI,M_i_A,Co,,,,,,,,,,,4.61,6.22
CdSe,II-VI,M_i_A,Ni,,,,,,,,,,,3.21,3.67
CdSe,II-VI,M_i_A,Cu,,,,,,,,,,,2.77,2.61
CdSe,II-VI,M_i_A,Zn,,,,,,,,,,,1.98,3.27
CdSe,II-VI,M_i_A,Y,,,,,,,,,,,3.37,5.3
CdSe,II-VI,M_i_A,Zr,,,,,,,,,,,3.74,6.51
CdSe,II-VI,M_i_A,Nb,,,,,,,,,,,3.76,6.1
CdSe,II-VI,M_i_A,Mo,,,,,,,,,,,5.15,7.07
CdSe,II-VI,M_i_A,Tc,,,,,,,,,,,4.87,4.87
CdSe,II-VI,M_i_A,Ru,,,,,,,,,,,4.13,5.38
CdSe,II-VI,M_i_A,Rh,,,,,,,,,,,3.22,5.04
CdSe,II-VI,M_i_A,Pd,,,,,,,,,,,2.42,2.22
CdSe,II-VI,M_i_A,Ag,,,,,,,,,,,1.94,1.69
CdSe,II-VI,M_i_A,La,,,,,,,,,,,3.51,5.64
CdSe,II-VI,M_i_A,Hf,,,,,,,,,,,3.13,4.36
CdSe,II-VI,M_i_A,Ta,,,,,,,,,,,4.69,4.83
CdSe,II-VI,M_i_A,W,,,,,,,,,,,6.6,6.6
CdSe,II-VI,M_i_A,Re,,,,,,,,,,,6.52,6.52
CdSe,II-VI,M_i_A,Os,,,,,,,,,,,6.21,6.21
CdSe,II-VI,M_i_A,Ir,,,,,,,,,,,4.58,5
CdSe,II-VI,M_i_A,Pt,,,,,,,,,,,3.49,3.79
CdSe,II-VI,M_i_A,Hg,,,,,,,,,,,2.23,2.27
CdSe,II-VI,M_i_B,Li,,,,,,,,,,,0.62,1.18
CdSe,II-VI,M_i_B,Na,,,,,,,,,,,2.74,3.44
CdSe,II-VI,M_i_B,K,,,,,,,,,,,1.83,2.82
CdSe,II-VI,M_i_B,Rb,,,,,,,,,,,2.59,3.67
CdSe,II-VI,M_i_B,Cs,,,,,,,,,,,3.68,4.85
CdSe,II-VI,M_i_B,Be,,,,,,,,,,,2.34,3.67
CdSe,II-VI,M_i_B,Mg,,,,,,,,,,,1.83,3.12
CdSe,II-VI,M_i_B,Ca,,,,,,,,,,,2.45,3.74
CdSe,II-VI,M_i_B,Ba,,,,,,,,,,,3.83,5.18
CdSe,II-VI,M_i_B,Al,,,,,,,,,,,2.45,4.38
CdSe,II-VI,M_i_B,Ga,,,,,,,,,,,1.69,3.26
CdSe,II-VI,M_i_B,In,,,,,,,,,,,2.87,3.65
CdSe,II-VI,M_i_B,Tl,,,,,,,,,,,2.33,2.86
CdSe,II-VI,M_i_B,C,,,,,,,,,,,7.34,7.34
CdSe,II-VI,M_i_B,Si,,,,,,,,,,,3.58,4.92
CdSe,II-VI,M_i_B,Ge,,,,,,,,,,,2.93,3.83
CdSe,II-VI,M_i_B,Sn,,,,,,,,,,,3.02,4.2
CdSe,II-VI,M_i_B,Pb,,,,,,,,,,,2.95,4.2
CdSe,II-VI,M_i_B,N,,,,,,,,,,,4.87,4.65
CdSe,II-VI,M_i_B,P,,,,,,,,,,,4.42,4.27
CdSe,II-VI,M_i_B,As,,,,,,,,,,,4.36,4.1
CdSe,II-VI,M_i_B,Sb,,,,,,,,,,,4.46,4.8
CdSe,II-VI,M_i_B,Bi,,,,,,,,,,,4.27,5.23
CdSe,II-VI,M_i_B,O,,,,,,,,,,,4.81,3.59
CdSe,II-VI,M_i_B,S,,,,,,,,,,,4.87,3.58
CdSe,II-VI,M_i_B,Te,,,,,,,,,,,5.16,4.04
CdSe,II-VI,M_i_B,F,,,,,,,,,,,2.96,2.31
CdSe,II-VI,M_i_B,Br,,,,,,,,,,,4.1,3.45
CdSe,II-VI,M_i_B,I,,,,,,,,,,,4.86,4.21
CdSe,II-VI,M_i_B,Sc,,,,,,,,,,,3.18,5.12
CdSe,II-VI,M_i_B,Ti,,,,,,,,,,,3.33,5.55
CdSe,II-VI,M_i_B,V,,,,,,,,,,,2.93,5.02
CdSe,II-VI,M_i_B,Cr,,,,,,,,,,,1.71,3.62
CdSe,II-VI,M_i_B,Mn,,,,,,,,,,,1.59,3.06
CdSe,II-VI,M_i_B,Fe,,,,,,,,,,,2.47,4.24
CdSe,II-VI,M_i_B,Co,,,,,,,,,,,4.09,5.7
CdSe,II-VI,M_i_B,Ni,,,,,,,,,,,2.73,3.19
CdSe,II-VI,M_i_B,Cu,,,,,,,,,,,2.25,2.09
CdSe,II-VI,M_i_B,Zn,,,,,,,,,,,2.02,3.31
CdSe,II-VI,M_i_B,Y,,,,,,,,,,,3.6,5.54
CdSe,II-VI,M_i_B,Zr,,,,,,,,,,,4.13,6.9
CdSe,II-VI,M_i_B,Nb,,,,,,,,,,,4.39,6.73
CdSe,II-VI,M_i_B,Mo,,,,,,,,,,,4.43,6.35
CdSe,II-VI,M_i_B,Tc,,,,,,,,,,,4.58,4.58
CdSe,II-VI,M_i_B,Ru,,,,,,,,,,,4.14,5.38
CdSe,II-VI,M_i_B,Rh,,,,,,,,,,,3.25,5.08
CdSe,II-VI,M_i_B,Ag,,,,,,,,,,,1.79,1.54
CdSe,II-VI,M_i_B,Hf,,,,,,,,,,,3.28,4.51
CdSe,II-VI,M_i_B,Ta,,,,,,,,,,,5.29,5.42
CdSe,II-VI,M_i_B,W,,,,,,,,,,,6.25,6.25
CdSe,II-VI,M_i_B,Re,,,,,,,,,,,6.33,6.33
CdSe,II-VI,M_i_B,Os,,,,,,,,,,,6.09,6.09
CdSe,II-VI,M_i_B,Ir,,,,,,,,,,,4.57,4.99
CdSe,II-VI,M_i_B,Pt,,,,,,,,,,,3.16,3.46
CdSe,II-VI,M_i_B,Au,,,,,,,,,,,3.07,2.14
CdSe,II-VI,M_i_B,Hg,,,,,,,,,,,2.43,2.48
CdSe,II-VI,M_i_neut,Li,,,,,,,,,,,1,1.57
CdSe,II-VI,M_i_neut,Na,,,,,,,,,,,3.28,3.97
CdSe,II-VI,M_i_neut,K,,,,,,,,,,,2.42,3.4
CdSe,II-VI,M_i_neut,Rb,,,,,,,,,,,3.07,4.14
CdSe,II-VI,M_i_neut,Cs,,,,,,,,,,,3.16,4.33
CdSe,II-VI,M_i_neut,Be,,,,,,,,,,,2.29,3.62
CdSe,II-VI,M_i_neut,Mg,,,,,,,,,,,2.45,3.74
CdSe,II-VI,M_i_neut,Sr,,,,,,,,,,,3.72,5.01
CdSe,II-VI,M_i_neut,Ba,,,,,,,,,,,4.28,5.62
CdSe,II-VI,M_i_neut,B,,,,,,,,,,,5.21,5.21
CdSe,II-VI,M_i_neut,Al,,,,,,,,,,,3,4.94
CdSe,II-VI,M_i_neut,Ga,,,,,,,,,,,2.28,3.84
CdSe,II-VI,M_i_neut,In,,,,,,,,,,,3.36,4.14
CdSe,II-VI,M_i_neut,Tl,,,,,,,,,,,2.82,3.35
CdSe,II-VI,M_i_neut,C,,,,,,,,,,,6.89,6.89
CdSe,II-VI,M_i_neut,Si,,,,,,,,,,,3.76,5.09
CdSe,II-VI,M_i_neut,Ge,,,,,,,,,,,3.21,4.12
CdSe,II-VI,M_i_neut,Sn,,,,,,,,,,,3.44,4.62
CdSe,II-VI,M_i_neut,Pb,,,,,,,,,,,3.47,4.72
CdSe,II-VI,M_i_neut,N,,,,,,,,,,,5.14,4.92
CdSe,II-VI,M_i_neut,As,,,,,,,,,,,3.78,3.53
CdSe,II-VI,M_i_neut,Sb,,,,,,,,,,,3.92,4.26
CdSe,II-VI,M_i_neut,Bi,,,,,,,,,,,3.71,4.67
CdSe,II-VI,M_i_neut,O,,,,,,,,,,,4,2.78
CdSe,II-VI,M_i_neut,S,,,,,,,,,,,4.31,3.02
CdSe,II-VI,M_i_neut,Te,,,,,,,,,,,4.7,3.58
CdSe,II-VI,M_i_neut,F,,,,,,,,,,,1.95,1.31
CdSe,II-VI,M_i_neut,Cl,,,,,,,,,,,3.1,2.45
CdSe,II-VI,M_i_neut,Br,,,,,,,,,,,3.63,2.99
CdSe,II-VI,M_i_neut,I,,,,,,,,,,,4.45,3.8
CdSe,II-VI,M_i_neut,Sc,,,,,,,,,,,4.01,5.94
CdSe,II-VI,M_i_neut,Ti,,,,,,,,,,,3.35,5.57
CdSe,II-VI,M_i_neut,V,,,,,,,,,,,2.92,5.01
CdSe,II-VI,M_i_neut,Cr,,,,,,,,,,,1.98,3.9
CdSe,II-VI,M_i_neut,Mn,,,,,,,,,,,1.6,3.07
CdSe,II-VI,M_i_neut,Fe,,,,,,,,,,,2.16,3.93
CdSe,II-VI,M_i_neut,Cu,,,,,,,,,,,2.2,2.04
CdSe,II-VI,M_i_neut,Zn,,,,,,,,,,,2.28,3.57
CdSe,II-VI,M_i_neut,Y,,,,,,,,,,,4.55,6.49
CdSe,II-VI,M_i_neut,Zr,,,,,,,,,,,3.97,6.74
CdSe,II-VI,M_i_neut,Nb,,,,,,,,,,,4.25,6.58
CdSe,II-VI,M_i_neut,Mo,,,,,,,,,,,4.68,6.6
CdSe,II-VI,M_i_neut,Tc,,,,,,,,,,,4.56,4.56
CdSe,II-VI,M_i_neut,Ru,,,,,,,,,,,3.93,5.18
CdSe,II-VI,M_i_neut,Rh,,,,,,,,,,,2.98,4.8
CdSe,II-VI,M_i_neut,Pd,,,,,,,,,,,2.12,1.91
CdSe,II-VI,M_i_neut,La,,,,,,,,,,,4.64,6.76
CdSe,II-VI,M_i_neut,Hf,,,,,,,,,,,3.12,4.35
CdSe,II-VI,M_i_neut,Ta,,,,,,,,,,,4.94,5.08
CdSe,II-VI,M_i_neut,W,,,,,,,,,,,6.15,6.15
CdSe,II-VI,M_i_neut,Re,,,,,,,,,,,6.22,6.22
CdSe,II-VI,M_i_neut,Os,,,,,,,,,,,5.49,5.49
CdSe,II-VI,M_i_neut,Ir,,,,,,,,,,,3.9,4.33
CdSe,II-VI,M_i_neut,Pt,,,,,,,,,,,2.76,3.07
CdSe,II-VI,M_i_neut,Au,,,,,,,,,,,2.97,2.05
CdSe,II-VI,M_i_neut,Hg,,,,,,,,,,,2.72,2.76
CdS,II-VI,M_A,Li,,,,,,,,,,,1.66,1
CdS,II-VI,M_A,Na,,,,,,,,,,,3.65,3.14
CdS,II-VI,M_A,K,,,,,,,,,,,2.14,1.95
CdS,II-VI,M_A,Rb,,,,,,,,,,,2.37,2.31
CdS,II-VI,M_A,Cs,,,,,,,,,,,2.61,2.53
CdS,II-VI,M_A,Be,,,,,,,,,,,0.64,0.66
CdS,II-VI,M_A,Mg,,,,,,,,,,,0.15,0.14
CdS,II-VI,M_A,Ca,,,,,,,,,,,0.72,0.71
CdS,II-VI,M_A,Sr,,,,,,,,,,,0.89,0.88
CdS,II-VI,M_A,Ba,,,,,,,,,,,1.06,1.15
CdS,II-VI,M_A,B,,,,,,,,,,,2.54,2.39
CdS,II-VI,M_A,Al,,,,,,,,,,,0.31,0.95
CdS,II-VI,M_A,Ga,,,,,,,,,,,0.65,1
CdS,II-VI,M_A,Tl,,,,,,,,,,,1.63,0.84
CdS,II-VI,M_A,C,,,,,,,,,,,6.56,5.25
CdS,II-VI,M_A,Si,,,,,,,,,,,2.2,2.93
CdS,II-VI,M_A,Ge,,,,,,,,,,,1.43,1.26
CdS,II-VI,M_A,Sn,,,,,,,,,,,1.16,1.17
CdS,II-VI,M_A,Pb,,,,,,,,,,,0.85,0.76
CdS,II-VI,M_A,N,,,,,,,,,,,6.69,5.17
CdS,II-VI,M_A,P,,,,,,,,,,,3.92,2.9
CdS,II-VI,M_A,As,,,,,,,,,,,3.41,1.89
CdS,II-VI,M_A,Sb,,,,,,,,,,,2.77,1.82
CdS,II-VI,M_A,Bi,,,,,,,,,,,2.03,1.61
CdS,II-VI,M_A,Te,,,,,,,,,,,5.08,2.65
CdS,II-VI,M_A,F,,,,,,,,,,,6.91,4.95
CdS,II-VI,M_A,Cl,,,,,,,,,,,6.06,4.11
CdS,II-VI,M_A,Br,,,,,,,,,,,5.73,3.77
CdS,II-VI,M_A,I,,,,,,,,,,,5.4,3.44
CdS,II-VI,M_A,Sc,,,,,,,,,,,1.16,1.8
CdS,II-VI,M_A,Ti,,,,,,,,,,,1.63,2.56
CdS,II-VI,M_A,Cr,,,,,,,,,,,1.24,1.84
CdS,II-VI,M_A,Mn,,,,,,,,,,,0.33,0.73
CdS,II-VI,M_A,Fe,,,,,,,,,,,1.2,1.69
CdS,II-VI,M_A,Co,,,,,,,,,,,4.42,4.87
CdS,II-VI,M_A,Ni,,,,,,,,,,,2.38,1.71
CdS,II-VI,M_A,Cu,,,,,,,,,,,2.54,1.23
CdS,II-VI,M_A,Zn,,,,,,,,,,,0.31,0.3
CdS,II-VI,M_A,Y,,,,,,,,,,,1.14,1.78
CdS,II-VI,M_A,Nb,,,,,,,,,,,2.22,3.12
CdS,II-VI,M_A,Mo,,,,,,,,,,,3.07,4.3
CdS,II-VI,M_A,Tc,,,,,,,,,,,3.1,3.67
CdS,II-VI,M_A,Ru,,,,,,,,,,,3.34,3.69
CdS,II-VI,M_A,Rh,,,,,,,,,,,2.83,3.3
CdS,II-VI,M_A,Pd,,,,,,,,,,,3.42,1.81
CdS,II-VI,M_A,Ag,,,,,,,,,,,2.58,1
CdS,II-VI,M_A,Cd,,,,,,,,,,,0,0
CdS,II-VI,M_A,La,,,,,,,,,,,1.5,2.25
CdS,II-VI,M_A,Hf,,,,,,,,,,,-0.02,0.69
CdS,II-VI,M_A,Ta,,,,,,,,,,,2.05,1.53
CdS,II-VI,M_A,W,,,,,,,,,,,3.84,2.94
CdS,II-VI,M_A,Re,,,,,,,,,,,4.01,2.82
CdS,II-VI,M_A,Os,,,,,,,,,,,4.36,3.06
CdS,II-VI,M_A,Ir,,,,,,,,,,,3.41,2.74
CdS,II-VI,M_A,Pt,,,,,,,,,,,3.75,2.67
CdS,II-VI,M_A,Au,,,,,,,,,,,3.67,1.37
CdS,II-VI,M_A,Hg,,,,,,,,,,,1.55,0.15
CdS,II-VI,M_B,Li,,,,,,,,,,,3.99,5.96
CdS,II-VI,M_B,K,,,,,,,,,,,4.09,6.52
CdS,II-VI,M_B,Rb,,,,,,,,,,,3.79,6.36
CdS,II-VI,M_B,Cs,,,,,,,,,,,3.51,6.06
CdS,II-VI,M_B,Be,,,,,,,,,,,4.71,7.35
CdS,II-VI,M_B,Mg,,,,,,,,,,,4.68,7.29
CdS,II-VI,M_B,Ca,,,,,,,,,,,6.61,9.23
CdS,II-VI,M_B,Sr,,,,,,,,,,,6.67,9.29
CdS,II-VI,M_B,Ba,,,,,,,,,,,6.89,9.6
CdS,II-VI,M_B,B,,,,,,,,,,,4.4,6.88
CdS,II-VI,M_B,Al,,,,,,,,,,,3.7,6.97
CdS,II-VI,M_B,Ga,,,,,,,,,,,2.63,5.6
CdS,II-VI,M_B,In,,,,,,,,,,,3.34,5.52
CdS,II-VI,M_B,Tl,,,,,,,,,,,2.92,4.75
CdS,II-VI,M_B,C,,,,,,,,,,,5.24,6.56
CdS,II-VI,M_B,Si,,,,,,,,,,,2.8,6.16
CdS,II-VI,M_B,Ge,,,,,,,,,,,2.39,4.84
CdS,II-VI,M_B,Sn,,,,,,,,,,,2.38,5.02
CdS,II-VI,M_B,Pb,,,,,,,,,,,2.66,5.2
CdS,II-VI,M_B,N,,,,,,,,,,,2.25,3.35
CdS,II-VI,M_B,P,,,,,,,,,,,1.4,3
CdS,II-VI,M_B,As,,,,,,,,,,,1.57,2.67
CdS,II-VI,M_B,Sb,,,,,,,,,,,1.62,3.29
CdS,II-VI,M_B,Bi,,,,,,,,,,,1.73,3.93
CdS,II-VI,M_B,O,,,,,,,,,,,0.59,1.25
CdS,II-VI,M_B,S,,,,,,,,,,,0,0
CdS,II-VI,M_B,Te,,,,,,,,,,,0.44,0.64
CdS,II-VI,M_B,F,,,,,,,,,,,1.23,1.9
CdS,II-VI,M_B,Cl,,,,,,,,,,,0.68,1.35
CdS,II-VI,M_B,Sc,,,,,,,,,,,7.23,10.5
CdS,II-VI,M_B,Ti,,,,,,,,,,,6.9,10.45
CdS,II-VI,M_B,V,,,,,,,,,,,5.75,9.19
CdS,II-VI,M_B,Cr,,,,,,,,,,,4.44,7.67
CdS,II-VI,M_B,Mn,,,,,,,,,,,4.34,7.37
CdS,II-VI,M_B,Fe,,,,,,,,,,,4.03,7.14
CdS,II-VI,M_B,Co,,,,,,,,,,,5.24,8.33
CdS,II-VI,M_B,Ni,,,,,,,,,,,3.31,5.26
CdS,II-VI,M_B,Cu,,,,,,,,,,,3.37,4.68
CdS,II-VI,M_B,Y,,,,,,,,,,,7.86,11.12
CdS,II-VI,M_B,Zr,,,,,,,,,,,7.87,12.04
CdS,II-VI,M_B,Nb,,,,,,,,,,,7.17,10.7
CdS,II-VI,M_B,Mo,,,,,,,,,,,6.62,10.47
CdS,II-VI,M_B,Tc,,,,,,,,,,,6.11,9.3
CdS,II-VI,M_B,Ru,,,,,,,,,,,5.01,7.99
CdS,II-VI,M_B,Rh,,,,,,,,,,,3.97,7.06
CdS,II-VI,M_B,Pd,,,,,,,,,,,2.52,3.53
CdS,II-VI,M_B,Ag,,,,,,,,,,,2.57,3.62
CdS,II-VI,M_B,La,,,,,,,,,,,8.38,11.75
CdS,II-VI,M_B,Hf,,,,,,,,,,,6.14,9.47
CdS,II-VI,M_B,Ta,,,,,,,,,,,7.77,9.88
CdS,II-VI,M_B,W,,,,,,,,,,,7.85,9.57
CdS,II-VI,M_B,Re,,,,,,,,,,,7.31,8.74
CdS,II-VI,M_B,Os,,,,,,,,,,,6.12,7.44
CdS,II-VI,M_B,Ir,,,,,,,,,,,4.24,6.2
CdS,II-VI,M_B,Pt,,,,,,,,,,,2.32,3.87
CdS,II-VI,M_B,Au,,,,,,,,,,,2.57,2.89
CdS,II-VI,M_B,Hg,,,,,,,,,,,2.67,3.9
CdS,II-VI,M_i_A,Li,,,,,,,,,,,1.27,1.92
CdS,II-VI,M_i_A,Na,,,,,,,,,,,3.13,3.93
CdS,II-VI,M_i_A,K,,,,,,,,,,,2.04,3.16
CdS,II-VI,M_i_A,Rb,,,,,,,,,,,2.82,4.07
CdS,II-VI,M_i_A,Cs,,,,,,,,,,,3.33,4.56
CdS,II-VI,M_i_A,Mg,,,,,,,,,,,2.98,4.28
CdS,II-VI,M_i_A,Ca,,,,,,,,,,,3.03,4.33
CdS,II-VI,M_i_A,Sr,,,,,,,,,,,3.42,4.72
CdS,II-VI,M_i_A,Ba,,,,,,,,,,,4.21,5.6
CdS,II-VI,M_i_A,B,,,,,,,,,,,5.6,6.76
CdS,II-VI,M_i_A,Ga,,,,,,,,,,,2.36,4.01
CdS,II-VI,M_i_A,In,,,,,,,,,,,3.45,4.31
CdS,II-VI,M_i_A,Tl,,,,,,,,,,,2.86,3.37
CdS,II-VI,M_i_A,C,,,,,,,,,,,7.24,7.24
CdS,II-VI,M_i_A,Si,,,,,,,,,,,4.58,6.62
CdS,II-VI,M_i_A,Ge,,,,,,,,,,,3.71,4.84
CdS,II-VI,M_i_A,Pb,,,,,,,,,,,3.52,4.74
CdS,II-VI,M_i_A,N,,,,,,,,,,,4.7,4.48
CdS,II-VI,M_i_A,P,,,,,,,,,,,4.64,4.93
CdS,II-VI,M_i_A,As,,,,,,,,,,,4.74,4.52
CdS,II-VI,M_i_A,Sb,,,,,,,,,,,5.05,5.4
CdS,II-VI,M_i_A,Bi,,,,,,,,,,,4.9,5.78
CdS,II-VI,M_i_A,O,,,,,,,,,,,4.28,3.63
CdS,II-VI,M_i_A,Se,,,,,,,,,,,5.12,3.83
CdS,II-VI,M_i_A,Te,,,,,,,,,,,5.77,4.65
CdS,II-VI,M_i_A,F,,,,,,,,,,,2.24,1.59
CdS,II-VI,M_i_A,Cl,,,,,,,,,,,3.72,3.07
CdS,II-VI,M_i_A,Br,,,,,,,,,,,4.35,3.7
CdS,II-VI,M_i_A,I,,,,,,,,,,,5.39,4.74
CdS,II-VI,M_i_A,Sc,,,,,,,,,,,4.28,6.23
CdS,II-VI,M_i_A,Ti,,,,,,,,,,,4.16,6.39
CdS,II-VI,M_i_A,V,,,,,,,,,,,3.92,6.04
CdS,II-VI,M_i_A,Cr,,,,,,,,,,,2.91,4.81
CdS,II-VI,M_i_A,Mn,,,,,,,,,,,3.13,4.83
CdS,II-VI,M_i_A,Fe,,,,,,,,,,,3.55,5.34
CdS,II-VI,M_i_A,Co,,,,,,,,,,,4.96,6.73
CdS,II-VI,M_i_A,Ni,,,,,,,,,,,3.48,4.11
CdS,II-VI,M_i_A,Cu,,,,,,,,,,,3.09,3.08
CdS,II-VI,M_i_A,Zn,,,,,,,,,,,2.59,3.89
CdS,II-VI,M_i_A,Y,,,,,,,,,,,4.23,6.17
CdS,II-VI,M_i_A,Zr,,,,,,,,,,,4.64,7.49
CdS,II-VI,M_i_A,Nb,,,,,,,,,,,4.6,6.8
CdS,II-VI,M_i_A,Tc,,,,,,,,,,,5.35,7.22
CdS,II-VI,M_i_A,Ru,,,,,,,,,,,4.49,6.15
CdS,II-VI,M_i_A,Rh,,,,,,,,,,,3.67,5.45
CdS,II-VI,M_i_A,Pd,,,,,,,,,,,2.85,2.54
CdS,II-VI,M_i_A,Ag,,,,,,,,,,,2.44,2.17
CdS,II-VI,M_i_A,La,,,,,,,,,,,4.55,6.61
CdS,II-VI,M_i_A,Hf,,,,,,,,,,,3.35,5.36
CdS,II-VI,M_i_A,W,,,,,,,,,,,6.72,7.12
CdS,II-VI,M_i_A,Re,,,,,,,,,,,6.62,6.73
CdS,II-VI,M_i_A,Os,,,,,,,,,,,6.58,6.58
CdS,II-VI,M_i_A,Ir,,,,,,,,,,,5.04,5.68
CdS,II-VI,M_i_A,Pt,,,,,,,,,,,4.03,4.26
CdS,II-VI,M_i_A,Au,,,,,,,,,,,3.75,2.75
CdS,II-VI,M_i_A,Hg,,,,,,,,,,,2.86,2.77
CdS,II-VI,M_i_B,Li,,,,,,,,,,,0.75,1.4
CdS,II-VI,M_i_B,Na,,,,,,,,,,,3.04,3.84
CdS,II-VI,M_i_B,K,,,,,,,,,,,2.38,3.5
CdS,II-VI,M_i_B,Cs,,,,,,,,,,,4.51,5.73
CdS,II-VI,M_i_B,Be,,,,,,,,,,,2.8,4.13
CdS,II-VI,M_i_B,Mg,,,,,,,,,,,2.37,3.67
CdS,II-VI,M_i_B,Ca,,,,,,,,,,,3.15,4.45
CdS,II-VI,M_i_B,Sr,,,,,,,,,,,3.85,5.14
CdS,II-VI,M_i_B,Ba,,,,,,,,,,,4.79,6.19
CdS,II-VI,M_i_B,B,,,,,,,,,,,5.26,6.43
CdS,II-VI,M_i_B,Al,,,,,,,,,,,3.49,5.44
CdS,II-VI,M_i_B,Ga,,,,,,,,,,,2.37,4.03
CdS,II-VI,M_i_B,In,,,,,,,,,,,3.56,4.42
CdS,II-VI,M_i_B,Tl,,,,,,,,,,,3.12,3.63
CdS,II-VI,M_i_B,C,,,,,,,,,,,7.66,7.66
CdS,II-VI,M_i_B,Si,,,,,,,,,,,4.16,6.2
CdS,II-VI,M_i_B,Ge,,,,,,,,,,,3.61,4.74
CdS,II-VI,M_i_B,Sn,,,,,,,,,,,3.85,5.17
CdS,II-VI,M_i_B,Pb,,,,,,,,,,,3.85,5.07
CdS,II-VI,M_i_B,N,,,,,,,,,,,5.11,4.89
CdS,II-VI,M_i_B,P,,,,,,,,,,,4.88,5.16
CdS,II-VI,M_i_B,As,,,,,,,,,,,4.9,4.68
CdS,II-VI,M_i_B,Sb,,,,,,,,,,,5.15,5.5
CdS,II-VI,M_i_B,Bi,,,,,,,,,,,5.05,5.93
CdS,II-VI,M_i_B,O,,,,,,,,,,,5.05,4.4
CdS,II-VI,M_i_B,Se,,,,,,,,,,,5.43,4.13
CdS,II-VI,M_i_B,F,,,,,,,,,,,3.23,2.58
CdS,II-VI,M_i_B,Cl,,,,,,,,,,,4.25,3.6
CdS,II-VI,M_i_B,Br,,,,,,,,,,,4.76,4.11
CdS,II-VI,M_i_B,I,,,,,,,,,,,5.66,5.01
CdS,II-VI,M_i_B,Sc,,,,,,,,,,,4.08,6.02
CdS,II-VI,M_i_B,V,,,,,,,,,,,3.77,5.88
CdS,II-VI,M_i_B,Cr,,,,,,,,,,,2.28,4.19
CdS,II-VI,M_i_B,Mn,,,,,,,,,,,2.33,4.04
CdS,II-VI,M_i_B,Fe,,,,,,,,,,,3.11,4.9
CdS,II-VI,M_i_B,Co,,,,,,,,,,,4.27,6.03
CdS,II-VI,M_i_B,Ni,,,,,,,,,,,2.75,3.38
CdS,II-VI,M_i_B,Cu,,,,,,,,,,,2.4,2.39
CdS,II-VI,M_i_B,Zn,,,,,,,,,,,2.57,3.87
CdS,II-VI,M_i_B,Y,,,,,,,,,,,4.5,6.45
CdS,II-VI,M_i_B,Zr,,,,,,,,,,,4.98,7.83
CdS,II-VI,M_i_B,Nb,,,,,,,,,,,5.23,7.44
CdS,II-VI,M_i_B,Mo,,,,,,,,,,,4.68,7.21
CdS,II-VI,M_i_B,Tc,,,,,,,,,,,4.85,6.72
CdS,II-VI,M_i_B,Ru,,,,,,,,,,,4.34,5.99
CdS,II-VI,M_i_B,Pd,,,,,,,,,,,2.39,2.08
CdS,II-VI,M_i_B,Ag,,,,,,,,,,,2.18,1.91
CdS,II-VI,M_i_B,La,,,,,,,,,,,5.09,7.14
CdS,II-VI,M_i_B,Hf,,,,,,,,,,,3.7,5.72
CdS,II-VI,M_i_B,Ta,,,,,,,,,,,5.49,6.27
CdS,II-VI,M_i_B,W,,,,,,,,,,,6.44,6.84
CdS,II-VI,M_i_B,Re,,,,,,,,,,,6.63,6.75
CdS,II-VI,M_i_B,Os,,,,,,,,,,,6.28,6.28
CdS,II-VI,M_i_B,Pt,,,,,,,,,,,3.39,3.61
CdS,II-VI,M_i_B,Au,,,,,,,,,,,3.49,2.49
CdS,II-VI,M_i_B,Hg,,,,,,,,,,,2.97,2.87
CdS,II-VI,M_i_old,Na,,,,,,,,,,,3.65,4.45
CdS,II-VI,M_i_old,K,,,,,,,,,,,2.97,4.09
CdS,II-VI,M_i_old,Rb,,,,,,,,,,,3.7,4.95
CdS,II-VI,M_i_old,Be,,,,,,,,,,,2.77,4.1
CdS,II-VI,M_i_old,Mg,,,,,,,,,,,3.1,4.4
CdS,II-VI,M_i_old,Ca,,,,,,,,,,,4.01,5.31
CdS,II-VI,M_i_old,Sr,,,,,,,,,,,4.52,5.82
CdS,II-VI,M_i_old,Ba,,,,,,,,,,,5.12,6.52
CdS,II-VI,M_i_old,B,,,,,,,,,,,5.49,6.65
CdS,II-VI,M_i_old,Al,,,,,,,,,,,3.97,5.91
CdS,II-VI,M_i_old,In,,,,,,,,,,,4.01,4.87
CdS,II-VI,M_i_old,Tl,,,,,,,,,,,3.55,4.06
CdS,II-VI,M_i_old,C,,,,,,,,,,,7.25,7.25
CdS,II-VI,M_i_old,Si,,,,,,,,,,,4.24,6.28
CdS,II-VI,M_i_old,Ge,,,,,,,,,,,3.65,4.78
CdS,II-VI,M_i_old,Sn,,,,,,,,,,,4.13,5.44
CdS,II-VI,M_i_old,Pb,,,,,,,,,,,4.25,5.46
CdS,II-VI,M_i_old,N,,,,,,,,,,,4.71,4.49
CdS,II-VI,M_i_old,P,,,,,,,,,,,4.35,4.63
CdS,II-VI,M_i_old,Sb,,,,,,,,,,,4.61,4.95
CdS,II-VI,M_i_old,Bi,,,,,,,,,,,4.47,5.35
CdS,II-VI,M_i_old,O,,,,,,,,,,,4.28,3.63
CdS,II-VI,M_i_old,Se,,,,,,,,,,,4.89,3.59
CdS,II-VI,M_i_old,Te,,,,,,,,,,,5.33,4.21
CdS,II-VI,M_i_old,F,,,,,,,,,,,2.24,1.6
CdS,II-VI,M_i_old,Cl,,,,,,,,,,,4.01,3.36
CdS,II-VI,M_i_old,Br,,,,,,,,,,,4.44,3.79
CdS,II-VI,M_i_old,I,,,,,,,,,,,5.18,4.53
CdS,II-VI,M_i_old,Sc,,,,,,,,,,,4.08,6.02
CdS,II-VI,M_i_old,Ti,,,,,,,,,,,4.08,6.31
CdS,II-VI,M_i_old,V,,,,,,,,,,,3.74,5.85
CdS,II-VI,M_i_old,Cr,,,,,,,,,,,2.28,4.19
CdS,II-VI,M_i_old,Mn,,,,,,,,,,,2.32,4.03
CdS,II-VI,M_i_old,Fe,,,,,,,,,,,2.76,4.55
CdS,II-VI,M_i_old,Co,,,,,,,,,,,4.24,6
CdS,II-VI,M_i_old,Ni,,,,,,,,,,,2.38,3.01
CdS,II-VI,M_i_old,Cu,,,,,,,,,,,2.36,2.35
CdS,II-VI,M_i_old,Zn,,,,,,,,,,,2.84,4.14
CdS,II-VI,M_i_old,Y,,,,,,,,,,,5.48,7.43
CdS,II-VI,M_i_old,Zr,,,,,,,,,,,4.77,7.61
CdS,II-VI,M_i_old,Nb,,,,,,,,,,,5.01,7.22
CdS,II-VI,M_i_old,Mo,,,,,,,,,,,4.7,7.23
CdS,II-VI,M_i_old,Tc,,,,,,,,,,,4.79,6.66
CdS,II-VI,M_i_old,Ru,,,,,,,,,,,4.04,5.7
CdS,II-VI,M_i_old,Rh,,,,,,,,,,,3.19,4.97
CdS,II-VI,M_i_old,Pd,,,,,,,,,,,2.33,2.02
CdS,II-VI,M_i_old,Ag,,,,,,,,,,,2.45,2.18
CdS,II-VI,M_i_old,La,,,,,,,,,,,5.6,7.66
CdS,II-VI,M_i_old,Hf,,,,,,,,,,,3.26,5.28
CdS,II-VI,M_i_old,Ta,,,,,,,,,,,4.96,5.74
CdS,II-VI,M_i_old,W,,,,,,,,,,,6.32,6.72
CdS,II-VI,M_i_old,Re,,,,,,,,,,,6.21,6.32
CdS,II-VI,M_i_old,Os,,,,,,,,,,,5.52,5.52
CdS,II-VI,M_i_old,Ir,,,,,,,,,,,4.05,4.68
CdS,II-VI,M_i_old,Au,,,,,,,,,,,3.45,2.44
CdS,II-VI,M_i_old,Hg,,,,,,,,,,,3.26,3.16